No.,Word,Valence_Mean,Valence_SD,Arousal_Mean,Arousal_SD,Frequency
27,正,6.6,0.49,5,1.673,2573
36,恰好,6.4,0.49,5,0.632,56
49,认真,7,0.632,5,1.265,287
55,愿意,6.8,0.748,5,1.414,879
58,支持,7.2,0.4,5,1.789,966
66,死,1.2,0.4,5,3.033,974
82,答应,5.8,0.748,5,1.897,234
96,帮忙,6.4,0.49,5,1.095,297
178,隔离,3.4,0.49,5,1.414,62
182,说长道短,3.2,0.4,5,0.894,0
191,怜悯,5.8,1.166,5,1.414,19
198,亲切,7,0.632,5,1.549,127
209,饶恕,5.6,0.8,5,1.789,0
240,仁术,7.4,0.49,5,2.28,0
248,内疚,3,1.095,5,2.098,20
262,反派,3.2,0.4,5,1.673,0
346,劣,3,0.894,5,0.632,10
356,好处,6.2,0.4,5,1.673,305
374,有效,6.6,0.8,5,1.549,790
375,有益,6.6,0.8,5,1.549,57
378,次要,4.6,0.49,5,1.095,29
388,死路,3.2,0.98,5,1.673,0
404,自鸣得意,4.2,0.4,5,1.897,0
409,伶俐,6.8,0.748,5,1.673,10
418,克制,5,0.632,5,1.673,27
425,利益,6.2,0.748,5,1.673,578
450,巫婆,3.6,0.8,5,1.265,32
454,忍,3.8,0.748,5,1.673,65
545,怪异,3.6,0.49,5,1.414,41
579,泣,3.4,0.49,5,1.095,4
614,勉强,3.8,0.748,5,0.894,130
679,珍惜,7,0.632,5,1.673,139
701,苦恼,3.2,0.4,5,1.673,45
716,首要,5.2,0.4,5,1.673,76
735,容光焕发,7.2,0.4,5,2.098,6
747,恩惠,6.4,0.49,5,1.673,10
755,挫折,3,0.632,5,1.897,234
785,真诚,7,0.632,5,1.095,75
793,神圣,7.2,0.748,5,1.673,66
810,臭味,3.8,0.4,5,1.673,9
819,衰弱,3.2,0.4,5,2.098,26
820,衰退,3.2,0.4,5,1.789,75
825,回避,3.6,0.49,5,1.673,47
828,迷惘,3.4,0.49,5,2.098,25
847,偷,2.4,0.8,5,1.673,110
887,控制,4.2,0.98,5,2.098,758
890,敏感,4.6,0.8,5,1.095,201
915,牵挂,4.4,1.356,5,1.265,15
919,理想,6.8,0.98,5,1.265,450
920,甜言,6.4,0.8,5,1.673,0
922,甜密,7,1.095,5,1.897,0
965,贪念,3.6,0.49,5,2.098,4
977,陈腐,2.8,0.748,5,1.673,10
980,麻烦,3.6,0.49,5,0.894,164
989,善意,6.8,0.4,5,1.673,64
997,喜气,7,0.632,5,1.414,17
1001,喜剧,6.8,0.98,5,2.098,48
1007,丧气,3,0.632,5,1.673,0
1026,悲苦,2.4,0.49,5,1.673,15
1028,悲情,3,0.632,5,1.265,34
1037,悲悯,2.8,0.4,5,2.28,8
1123,跛,3.2,0.98,5,1.673,5
1127,开明,7,0.894,5,1.673,34
1130,阳光,7.2,1.47,5,1.897,317
1133,顺利,7,0.894,5,1.673,509
1145,伤痕,3.6,0.49,5,1.414,38
1176,慈悲,5.6,1.2,5,2.53,72
1204,滑稽,4.2,0.4,5,1.095,13
1242,夸大,3.6,0.49,5,1.265,30
1250,过错,3.2,0.98,5,1.673,20
1274,惨,2.8,0.748,5,1.673,78
1290,疑虑,3.6,1.02,5,1.095,68
1378,乐此,6.4,0.49,5,1.789,0
1384,乐趣,6.4,0.8,5,1.549,186
1385,乐观,7,0.632,5,0.894,171
1402,奖章,6.8,0.4,5,1.673,57
1422,适宜,6.4,0.49,5,0.632,53
1423,适时,6.2,0.4,5,1.265,98
1443,擅长,6.2,0.748,5,1.549,78
1468,融洽,7.4,0.49,5,2.098,36
1479,输家,3,0.632,5,1.789,6
1481,迟到,3.8,0.4,5,0.632,42
1498,优雅,6.8,0.4,5,1.414,80
1500,优点,7,0.632,5,1.095,256
1519,繁琐,3.8,0.98,5,1.095,27
1541,向往,6,0.632,5,1.549,92
1552,坏死,2.8,0.748,5,1.897,25
1554,坏处,3.4,0.49,5,1.095,19
1555,坏话,3.4,0.49,5,1.414,14
1565,赞同,7,0.894,5,1.265,84
1573,愿,6,0.632,5,1.673,682
1580,宝贵,7,0.894,5,1.673,144
1616,变质,3.4,0.49,5,1.265,31
1662,完成,6.4,1.02,5,0.63,1663
1684,达成,6.4,0.49,5,1.79,536
1689,提高,5.8,0.4,5,1.26,783
1691,达到,5.8,0.75,5,1.41,979
1736,主动,5.8,0.75,5,1.41,451
1740,领先,6.4,0.49,5,1.1,178
1746,防止,4.8,0.75,5,0.63,211
1785,杰出,7.4,1.02,5,1.67,219
1798,重要性,5,0.63,5,1.41,193
1835,过关,6,0.63,5,1.67,79
1849,突出,5.6,0.8,5,1.1,84
1867,发达,6,0.63,5,1.67,163
1937,卫冕,6,0.63,5,1.41,21
1940,崭新,6.4,0.49,5,1.55,60
2009,勤奋,6.8,0.4,5,1.9,38
2089,兴盛,6.4,0.8,5,1.26,40
2135,高歌,6,0.63,5,1.41,15
2159,喜气洋洋,7.4,0.49,5,1.67,14
2165,用功,6.2,0.4,5,1.41,90
2168,生日快乐,6.6,0.49,5,1.41,23
2197,与有荣焉,6.6,0.49,5,1.67,13
2246,污染,3,0.63,5,0.63,352
2259,感染,3.2,0.4,5,1.1,263
2260,警告,3.6,0.8,5,1.1,96
2325,控告,3.4,0.49,5,1.67,46
2337,撤销,3.6,0.8,5,1.1,48
2338,通货膨胀,4,0.63,5,0.63,48
2350,恐怕,3.8,0.75,5,0.89,398
2359,判刑,3.4,0.49,5,1.26,29
2372,可疑,3.4,0.8,5,1.26,31
2423,不应该,4,0.63,5,1.1,0
2435,拖延,4.2,0.75,5,1.26,48
2437,传染,3.4,0.49,5,1.1,93
2438,故意,3.8,0.75,5,1.1,216
2441,噪音,3.6,0.49,5,1.1,96
2446,高压,4.2,0.4,5,1.1,46
2447,警报,3.6,0.49,5,1.26,29
2462,占用,3.6,0.49,5,0.63,47
2472,包围,4.2,0.75,5,0.63,52
2478,废止,4,0.63,5,0.63,30
2495,垄断,3.4,0.49,5,0.63,102
2500,废弃,3.4,0.49,5,0.63,34
2508,撤回,4.2,0.98,5,0.63,11
2512,头痛,3.6,0.49,5,0.63,123
2539,分开,3.8,0.75,5,0.63,121
2541,加深,4.6,0.8,5,1.1,86
2558,不彰,3.4,0.49,5,0,67
2580,投机,3.6,0.49,5,1.1,112
2586,地雷,3.2,0.75,5,1.9,9
2602,投降,3.6,0.49,5,0.63,53
2610,卷入,4,0.63,5,1.1,48
2621,昏迷,3,0.63,5,1.9,36
2625,骨折,3.2,0.4,5,0.63,5
2638,投诉,3.8,0.4,5,1.1,22
2640,阻塞,4.2,0.75,5,1.1,61
2653,限定,5,0.63,5,2.1,46
2655,炸药,3.2,0.75,5,1.67,9
2707,切断,4.2,0.75,5,0.63,44
2714,落入,4,0.63,5,1.1,48
2742,饥饿,3.4,0.49,5,1.26,27
2767,讶异,3.8,0.75,5,1.41,45
2775,议论,4.4,0.49,5,0.63,47
2784,践踏,3.8,0.98,5,0.89,22
2812,唾弃,2.8,0.748,5,2.191,12
2852,欲望,4.8,0.4,5,1.414,154
2885,落泪,4.4,0.8,5,1.095,9
2984,追根究底,5.6,0.8,5,1.703,13
3027,大无畏,6.1,0.8,5,0.949,0
3045,困窘,3.2,1.166,5,1.789,12
3054,险境,2.8,0.812,5,1.414,8
3069,过节,3.7,0.4,5,1.14,30
3088,两难,3.6,0.374,5,1.095,12
3118,复杂化,4,0.632,5,1.14,0
3215,学以致用,6.9,0.663,5,1.265,0
3244,先见之明,6.6,1.158,5,1.517,0
3269,苦修,5.2,0.51,5,1.673,0
3306,未雨绸缪,6,1.414,5,0.707,25
3319,暧昧,5.7,0.98,5,1.789,25
3330,休克,2.4,0.97,5,2.608,11
3333,不许,3.5,0.894,5,2.098,21
3399,稀奇,5.9,0.86,5,1.761,23
3417,变好,7,0.949,5,1.095,9
3461,自勉,6.2,1.208,5,1.14,0
3587,游刃有余,7.6,1.194,5,1.541,9
3599,顺耳,5.9,1.025,5,1.225,4
3613,落单,3,1,5,1,6
3619,累人,3.5,0.5,5,1.225,5
3639,酸,4,0.707,5,1.414,5
3660,超重,3.2,1.304,5,1.581,4
3700,别扭,3.2,1.037,5,1.458,0
3716,旗鼓相当,7.3,1.204,5,1.581,6
3718,颇重,4.3,1.255,5,1.541,0
3818,过熟,4.4,1.517,5,1.414,0
3892,庞杂,3.6,0.418,5,1.225,9
3950,优渥,7.9,0.548,5,1.414,13
3964,保佑,6.8,1.255,5,0.707,29
3986,不堪,2.9,0.894,5,1.414,93
4059,大费周章,3.8,0.758,5,0.707,7
4129,天真烂漫,6.6,1.084,5,1.414,4
4198,大剌剌,4.3,0.975,5,1.275,8
4261,爽口 ,6.9,0.652,5,1.369,7
4297,中上,6.8,0.837,5,1.458,9
4333,光明正大,7,1.275,5,1.369,8
4339,名副其实,6.8,0.908,5,1.458,16
4340,名符其实,6.8,0.908,5,1.458,7
4342,多不胜数,6.2,0.837,5,0.935,0
4357,百思不得其解,3.1,0.962,5,1.173,0
4454,怜悯心,5.8,1.166,5,1.414,0
4456,噪声,3.6,0.49,5,1.1,0
4490,自危,3,0.612,5,1.225,0
4508,搞乱,3.3,0.837,5,1.581,0
4597,不可收拾,3.4,0.894,5,1.414,12
4610,匆忙,3.3,0.837,5,1.541,41
4611,匆匆忙忙,3.3,0.837,5,1.541,31
4629,流离失所,2.6,0.894,5,1.225,5
4636,闹别扭,3.8,0.447,5,1.458,0
4694,做错,3.7,0.671,5,1.768,60
4695,做错事,3.7,0.671,5,1.768,0
4754,唯恐不及,3.8,0.837,5,1.62,6
4757,耍贱,3.1,0.894,5,1.118,0
4801,坐立不安,3.7,0.447,5,1.696,10
4844,脏话,3.6,0.652,5,1.696,11
4918,冤孽,3.1,1.294,5,1,0
5064,作孽,1.6,0.894,5,1.225,0
5089,踉跄,4,1.173,5,2.345,5
5145,呕气,3.9,1.14,5,2.55,7
5198,临死,2.7,1.483,5,1.871,0
5245,剽窃,2.9,0.742,5,1.225,6
5257,狡滑,2.8,0.758,5,1.369,0
5258,狡猾,2.8,0.758,5,1.369,8
5269,人人自危,3.6,0.962,5,0.707,12
5277,掉泪,3.2,1.095,5,1.369,6
5331,谋反,2.2,0.758,5,1.458,0
5370,挑拨离间,3.3,0.837,5,1.581,0
5386,惹毛,3.7,0.57,5,1.275,0
5408,忍痛,3.4,0.548,5,0.935,13
2845,烧伤,3.6,0.8,5.1,2.538,0
2903,行骗,3.3,0.748,5.1,0.8,0
2940,电击,4.4,0.374,5.1,1.562,0
2941,挑拨,3.6,0.8,5.1,0.49,8
3126,辜负,3.6,0.49,5.1,1.908,18
3168,互助合作,7.1,0.49,5.1,1.114,0
3259,决断力,6.6,0.8,5.1,1.744,0
3264,熟虑,5.9,0.663,5.1,1.02,0
3270,牢靠,6.2,0.4,5.1,1.281,0
3292,烫伤,3,1.14,5.1,2.596,17
3361,敲诈,3,0.707,5.1,1.908,0
3385,敬爱,7.1,0.97,5.1,1.8,26
3672,碎裂,3.1,0.894,5.1,1.517,5
3744,昙花一现,4.1,0.742,5.1,1.342,22
3754,肿胀,3.9,0.894,5.1,1.517,22
3762,惭愧,2.5,1.225,5.1,1.557,51
3770,有利于,7.7,0.908,5.1,1.342,50
3774,说不过去,3,0.707,5.1,1.14,7
3864,扩增,6.7,1.204,5.1,1.025,49
3915,专精,7.6,1.084,5.1,1.025,30
3938,离异,2.9,0.548,5.1,1.517,9
3951,丰盛,7.7,0.447,5.1,1.342,38
4069,尚可,6,0,5.1,0.781,13
4112,冻僵,4.2,1.037,5.1,1.245,5
4139,事倍功半,3.4,1.084,5.1,1.342,13
4145,冻伤,2.1,0.224,5.1,1.245,0
4197,下垂,3.4,0.894,5.1,1.084,18
4458,还可以,6,0,5.1,0.781,22
4516,离乡背井,3.8,0.837,5.1,1.025,18
4527,困穷,2.3,0.447,5.1,1.342,0
4650,自吹自擂,4.2,0.447,5.1,1.245,0
4652,伤风败俗,1.6,0.548,5.1,1.517,0
4657,流放,2.8,1.095,5.1,1.517,0
4670,瘟疫,2.2,1.304,5.1,1.673,7
4705,诡计多端,2.8,1.095,5.1,1.949,0
4706,奸诈,2,1.414,5.1,1.597,6
4746,撕破,3.6,0.822,5.1,1.746,4
4812,讥讽,3.4,0.894,5.1,1.949,8
4919,狡辩,3.1,1.245,5.1,1.597,5
4987,送葬,2.4,1.673,5.1,2.46,4
5009,压榨,2.5,1,5.1,1.746,0
5044,惹上,3.2,1.304,5.1,2.51,7
5045,惹到,3.2,1.304,5.1,2.51,0
5173,惊觉,4.3,0.975,5.1,2.133,14
5201,陷落,3.6,0.652,5.1,1.746,4
5224,分崩离析,3.3,0.671,5.1,1.673,6
5290,忧惧,3.4,0.418,5.1,1.432,4
5308,强夺,2.9,0.822,5.1,1.245,0
5401,猪狗不如,2.3,0.671,5.1,0.822,0
5438,不暗沉,6.6,0.962,5.1,1.432,0
5439,不暗沉,6.6,0.962,5.1,1.432,0
5440,不黯沉,6.6,0.962,5.1,1.432,0
5459,亮晶晶,6.3,0.908,5.1,1.084,14
5473,干瘪,2.7,0.908,5.1,1.14,0
20,不祥,2.8,0.4,5.2,1.166,20
29,好,6.8,0.4,5.2,0.4,8304
31,否认,3.6,0.49,5.2,1.166,190
44,无趣,3.4,0.8,5.2,0.98,20
52,随便,4.2,0.98,5.2,0.4,203
68,希望,7,0.632,5.2,1.72,3365
71,抱,5.8,0.748,5.2,1.6,219
81,期望,6,0,5.2,1.166,226
87,损失,3.2,0.4,5.2,0.4,208
126,蹩脚,3.6,0.8,5.2,1.939,0
140,交往,6.4,0.49,5.2,1.72,172
174,开玩笑,6.2,0.748,5.2,1.166,105
192,挚友,7.4,0.49,5.2,1.833,0
228,大方,6.4,0.49,5.2,1.166,42
239,仁心,7.4,0.49,5.2,2.315,0
241,仁爱,7.8,0.4,5.2,2.638,34
242,仁慈,7.8,0.748,5.2,2.638,7
263,反感,3.6,0.49,5.2,1.47,33
281,支配,4.6,0.49,5.2,0.748,66
301,可怜,3.6,0.49,5.2,1.47,229
302,可靠,6.8,0.748,5.2,1.327,91
358,好运,6.6,0.49,5.2,1.72,12
365,成见,3.8,0.4,5.2,1.327,44
370,有用,6.4,0.49,5.2,1.327,155
372,有助,6.4,0.49,5.2,1.6,36
394,自甘堕落,2.6,0.8,5.2,1.939,7
395,自由,6.6,0.49,5.2,1.939,674
401,自责,3.6,0.8,5.2,1.166,19
458,扭曲,3.6,0.8,5.2,1.6,103
464,投入,6,0.894,5.2,1.833,506
467,改善,6.6,0.49,5.2,1.327,978
474,沉迷,3,0,5.2,1.47,13
525,奇怪,4.2,0.4,5.2,0.4,362
539,怕生,4,0,5.2,0.748,0
548,承诺,6.6,0.49,5.2,1.833,61
564,昏乱,3.4,0.49,5.2,1.327,0
576,沮丧,2.8,0.748,5.2,1.833,62
606,信奉,6.6,0.8,5.2,1.327,30
629,哈,5.8,0.748,5.2,1.327,294
633,帅,6.6,0.49,5.2,1.327,26
673,流行,5.6,0.49,5.2,0.4,501
680,珍视,7,0.632,5.2,1.939,9
693,美德,7.4,1.02,5.2,2.315,47
708,负担,3.6,0.49,5.2,1.166,245
758,捐赠,6.4,0.8,5.2,1.72,69
760,时髦,6.4,0.49,5.2,1.72,54
781,益处,6.6,0.49,5.2,1.327,24
796,笑容,7.2,0.98,5.2,1.72,135
831,迷路,4.2,0.98,5.2,1.833,18
885,挂念,4.8,1.47,5.2,1.47,8
891,敏锐,6.4,0.49,5.2,1.327,84
903,深情,7.2,0.748,5.2,1.6,17
914,爽朗,6.8,0.4,5.2,1.47,19
970,逗趣,6.4,0.49,5.2,0.748,21
993,喜怒哀乐,5,0,5.2,0.4,15
999,喜新厌旧,3.4,0.49,5.2,1.327,7
1017,尊重,6.8,0.748,5.2,1.327,546
1018,尊贵,6.8,0.748,5.2,0.98,28
1020,尊荣,7.6,0.8,5.2,1.939,5
1021,尊严,6.2,0.98,5.2,1.6,165
1057,愉,5.8,1.47,5.2,1.327,0
1095,犹疑,4,0.894,5.2,0.748,13
1124,跛脚,3.2,0.98,5.2,1.939,4
1137,债务,3,0.632,5.2,0.748,47
1138,伤,3.4,0.8,5.2,1.327,104
1150,伤感,3.4,0.49,5.2,1.327,34
1160,微醺,5.8,0.748,5.2,1.6,4
1170,感情,5.4,0.8,5.2,0.748,648
1219,禁止,3.4,0.8,5.2,1.327,225
1220,禁忌,3,0.632,5.2,1.327,74
1225,罪名,2.6,0.49,5.2,1.327,45
1240,诡计,3.4,0.49,5.2,1.327,5
1251,违心,3,0.632,5.2,1.327,0
1252,违犯,3,0.632,5.2,1.166,5
1258,违规,3.4,0.8,5.2,1.327,165
1263,厌食,2.8,0.4,5.2,2.04,0
1300,精疲力尽,3,0.894,5.2,1.939,0
1317,轻忽,3.8,0.4,5.2,0.748,17
1326,酸甜苦辣,4.8,0.4,5.2,0.4,0
1365,撒谎,3.2,0.4,5.2,0.748,19
1396,奖,6.8,0.4,5.2,1.327,225
1397,奖助,7,0.632,5.2,1.327,28
1399,奖状,7.4,0.49,5.2,1.47,26
1403,奖牌,6.8,0.4,5.2,1.327,23
1406,奖励,7,0.632,5.2,1.327,228
1407,确定,6.2,0.748,5.2,0.4,439
1446,操劳,3.6,0.49,5.2,1.47,0
1480,输掉,3.4,0.8,5.2,1.72,17
1517,糟糕,3.2,0.748,5.2,1.72,65
1523,胆怯,3.2,0.748,5.2,1.47,5
1553,坏事,3.4,0.49,5.2,1.166,64
1564,稳健,7,0.894,5.2,1.327,38
1572,难题,3.6,0.49,5.2,1.72,121
1596,蠢,3,0.632,5.2,1.72,8
1614,变味,3.4,0.49,5.2,1.327,0
1712,坚持,6.2,1.17,5.2,1.17,459
1854,热心,6.4,0.49,5.2,1.47,165
1864,蓬勃,6,1.1,5.2,1.47,100
1942,特大,5.4,0.49,5.2,1.47,6
1966,热诚,6.6,0.49,5.2,1.83,17
2012,夺魁,6.6,1.02,5.2,1.72,14
2023,褒扬,6.2,1.17,5.2,0.98,0
2174,要紧,4.8,0.4,5.2,0.75,57
2247,地震,3.4,1.02,5.2,1.94,202
2255,意外,3.4,1.02,5.2,0.98,210
2270,走私,2.8,0.4,5.2,0.4,58
2278,毒品,3,0,5.2,0.4,101
2287,突然,4.6,0.8,5.2,1.17,627
2292,武力,3.8,0.75,5.2,1.17,144
2352,黑道,3.4,0.49,5.2,0.98,32
2387,推翻,4.2,0.75,5.2,1.72,62
2407,否决,3.8,0.75,5.2,1.33,30
2415,延误,3.6,0.49,5.2,0.75,33
2427,破裂,3.4,0.49,5.2,1.17,61
2461,超出,4.2,0.75,5.2,0.75,51
2479,发烧,3.4,0.8,5.2,0.75,78
2484,海洛因,2.6,0.49,5.2,1.33,0
2493,迫切,3.8,0.75,5.2,1.17,70
2504,太过,4,0.63,5.2,0.98,108
2517,揭露,4,0.63,5.2,1.17,20
2518,对峙,4.4,0.49,5.2,1.17,21
2519,落选,3.2,0.4,5.2,1.33,14
2562,误导,3.6,0.49,5.2,0.4,36
2572,过世,2.4,0.8,5.2,1.47,84
2604,贸然,4,0.63,5.2,1.33,37
2612,拘留,3.6,0.49,5.2,0.75,13
2623,受难者,2.6,0.8,5.2,0.4,0
2643,撤退,3.8,0.75,5.2,1.17,32
2682,招致,4,0.63,5.2,1.17,34
2684,犯人,2.6,0.49,5.2,0.4,32
2698,断裂,3.6,0.8,5.2,1.33,14
2705,灼伤,3.2,0.75,5.2,0.98,0
2712,动手,4,0.63,5.2,0.75,117
2725,拜托,4.4,0.49,5.2,0.75,56
2751,共谋,3.8,0.4,5.2,0.75,0
2764,纵容,3.6,0.49,5.2,1.33,31
2766,违章,3.8,0.4,5.2,0.75,16
2793,牵制,3.8,0.75,5.2,0.75,26
2802,突袭,3.8,0.75,5.2,1.17,6
2803,窃贼,3.1,0.663,5.2,1.166,17
2819,塌陷,3.4,0.8,5.2,1.833,0
2942,下狱,3,0.632,5.2,1.6,0
2988,直截了当,5.5,0.447,5.2,1.166,0
2994,德高望重,7.2,0.927,5.2,1.47,0
3007,快活,6.4,0.49,5.2,1.327,48
3009,羡煞,5.8,0.748,5.2,2.04,0
3038,夸奖,6.3,0.6,5.2,1.03,22
3048,驱散,3.8,0.678,5.2,0.748,0
3057,大意,4.1,0.2,5.2,2.482,13
3061,谣传,4.3,1.327,5.2,1.288,0
3076,对不起,2.9,1.2,5.2,2.04,177
3119,想不到,4.2,0.748,5.2,0.812,76
3165,情愿,6.2,0.748,5.2,1.166,21
3170,顺从,6,1.14,5.2,0.748,21
3191,诚心诚意,7.3,0.6,5.2,0.98,0
3273,妙计,6.6,0.8,5.2,1.166,9
3281,留神,5.9,0.8,5.2,1.288,12
3300,冲出,5.8,0.678,5.2,2.064,18
3304,裂痕,3.2,0.812,5.2,1.965,11
3314,退学,2.8,0.927,5.2,2.227,28
3398,天籁,7.5,0.707,5.2,0.98,13
3449,脸红,5.6,0.735,5.2,1.691,15
3458,喜感,7.2,0.51,5.2,0.51,9
3481,情投意合,6.9,0.86,5.2,1.6,0
3523,足智多谋,7.7,0.812,5.2,0.748,0
3630,恼人,2.5,0.5,5.2,1.483,13
3649,复原,6.9,0.894,5.2,1.643,36
3651,硬着头皮,3.1,0.894,5.2,1.643,11
3815,杂七杂八,2.7,1.037,5.2,1.304,7
3826,坏掉,2.6,1.194,5.2,1.304,16
3828,碍手碍脚,2,0.707,5.2,1.44,6
3891,繁杂,3.7,0.975,5.2,1.483,23
3925,独具慧眼,6.9,0.548,5.2,1.789,0
3946,骚包,3.6,1.14,5.2,1.525,5
3976,耗损,4,1.225,5.2,1.643,9
3977,损耗,4,1.225,5.2,1.643,9
4065,出错,2.5,1.225,5.2,1.304,24
4066,失礼,2.4,1.342,5.2,1.643,10
4274,新潮 ,6.5,0.612,5.2,0.837,23
4336,吃香,6.7,0.908,5.2,1.44,10
4399,快快活活,6.4,0.49,5.2,1.327,0
4400,沉迷,3,0,5.2,1.47,17
4434,无趣味,3.4,0.8,5.2,0.98,0
4435,没趣味,3.4,0.8,5.2,0.98,0
4436,没趣,3.4,0.8,5.2,0.98,0
4437,筋疲力尽,3,0.894,5.2,1.939,6
4445,热诚地,6.6,0.49,5.2,1.83,0
4455,热心肠,6.4,0.49,5.2,1.47,0
4498,狗嘴里吐不出象牙,2.9,0.652,5.2,0.837,0
4499,狗嘴吐不出象牙,2.9,0.652,5.2,0.837,0
4564,危险期,2.8,1.304,5.2,1.304,0
4686,贬低,2.9,1.084,5.2,1.643,9
4690,劳役,3.2,1.304,5.2,1.823,7
4767,牵肠挂肚,5,0.935,5.2,1.823,4
4815,钻牛角尖,3.8,0.57,5.2,2.08,0
4871,好屌,5.9,0.894,5.2,1.095,0
4885,砍击,4.2,1.255,5.2,1.789,0
5030,割断,4.3,0.975,5.2,1.789,4
5037,焦躁不安,3.4,0.548,5.2,2.019,0
5118,得意扬扬,6.2,1.483,5.2,2.28,0
5344,猛撞,3.8,0.447,5.2,1.037,0
5403,慌忙,4.2,0.447,5.2,1.351,12
5443,水嫩紧致,7.7,0.908,5.2,1.304,0
5456,油腻,2.7,0.837,5.2,1.304,11
5457,油油腻腻,2.7,0.837,5.2,1.304,0
5471,干硬,2.9,0.894,5.2,1.204,0
5481,软嫩,5.9,0.894,5.2,1.351,0
5490,暗沉,2.7,1.095,5.2,1.396,0
5491,暗沉,2.7,1.095,5.2,1.396,0
5492,黯沉,2.7,1.095,5.2,1.396,0
2829,泄密,3.1,0.663,5.3,1.4,0
2859,畏惧,3.3,0.748,5.3,1.47,40
2869,催促,4.5,0.447,5.3,1.47,22
2874,赶出,3.9,1.02,5.3,1.778,18
2882,宰杀,4,0.548,5.3,1.72,22
2883,鼓动,4.7,0.4,5.3,1.72,15
2943,遭殃,3.5,0.447,5.3,1.077,8
2947,狂风,4.8,0.4,5.3,2.358,27
3097,窃听,3.7,0.748,5.3,0.748,0
3138,伪装,4.1,0.49,5.3,1.249,28
3140,凝重,3.4,0.8,5.3,2.135,16
3145,不义,3.5,0.447,5.3,1.4,18
3146,作假,3.4,0.49,5.3,0.872,0
3166,有效性,5.8,1.208,5.3,1.72,0
3228,恭敬,6.2,0.4,5.3,1.166,32
3265,有意义,6.7,0.748,5.3,0.6,0
3354,欺压,2.7,0.748,5.3,2.088,9
3356,僵持不下,3.4,0.2,5.3,1.288,0
3394,为傲,7,0,5.3,0.748,0
3425,自由自在,6.8,0.678,5.3,1.249,40
3566,深入浅出,6.9,1.025,5.3,1.204,11
3605,勤快,7,0.707,5.3,1.304,11
3645,盛开,6.8,1.037,5.3,1.396,34
3657,硬挺,7.2,1.151,5.3,1.565,0
3723,精辟,7,0.354,5.3,1.565,14
3733,酷炫,6.8,1.304,5.3,1.204,0
3849,变差,2.9,1.025,5.3,1.204,0
3858,盲从,3.1,1.245,5.3,1.483,9
3883,松垮,2.6,1.342,5.3,1.483,0
3917,眷恋,6.5,0.612,5.3,1.204,10
3929,离题,2.9,0.742,5.3,1.396,5
3970,放不下,3.1,1.342,5.3,1.483,12
4134,有意思,6.6,0.548,5.3,0.671,99
4135,事事如意,7.9,0.548,5.3,0.837,0
4146,剥落,2.2,0.837,5.3,1.204,12
4165,南辕北辙,3.5,0.707,5.3,1.204,10
4166,天差地远,3.5,0.707,5.3,1.204,0
4194,有出入,4.1,0.894,5.3,0.908,16
4248,贵 ,3.1,1.475,5.3,1.681,224
4379,良莠不齐,3.7,0.447,5.3,1.151,13
4404,心生畏惧,3.3,0.748,5.3,1.47,7
4472,做假,3.4,0.49,5.3,0.872,5
4507,望尘莫及,4,0.935,5.3,1.095,11
4544,不配,2.8,0.447,5.3,1.304,4
4577,功败垂成,2.3,0.975,5.3,1.396,6
4620,唱反调,3.4,0.548,5.3,0.837,9
4693,装死,3.9,0.894,5.3,1.718,0
4851,害臊,4.4,0.822,5.3,1.718,0
4890,六亲不认,3.1,1.194,5.3,1.396,0
4904,屁用,3.6,0.652,5.3,1.44,0
5140,狂放,4.4,0.822,5.3,1.789,9
5168,鬼叫,3.4,1.194,5.3,1.857,0
5189,好战者,4.1,1.432,5.3,1.987,0
5190,好战份子,4.1,1.432,5.3,1.987,0
5199,干政,3.5,0.707,5.3,1.396,5
5240,不惧,5.4,0.652,5.3,0.975,5
5345,性急,4.4,0.418,5.3,0.975,19
5371,大闹,2.9,1.025,5.3,0.837,9
5393,争斗,3.2,0.274,5.3,0.837,12
5415,横行霸道,2.6,0.652,5.3,1.204,0
5484,舒爽,6.5,0.612,5.3,1.44,4
5495,滑嫩,6.8,0.671,5.3,1.44,0
5498,嫩滑,6.8,0.671,5.3,1.44,0
4,不安,3.8,0.4,5.4,0.49,184
30,否定,3.4,0.49,5.4,1.356,153
74,相信,7.2,0.98,5.4,1.356,1147
84,爱,8.2,0.748,5.4,2.939,1553
98,应付,4.2,0.4,5.4,1.625,163
159,信服,6.4,0.49,5.4,0.8,20
160,信赖,7.2,0.4,5.4,1.497,84
170,逗弄,5.4,1.02,5.4,1.02,7
172,款待,6.2,0.4,5.4,1.356,20
194,乐意,6.8,0.4,5.4,1.625,50
243,仁义,7.4,0.49,5.4,2.417,18
259,及时,6.4,0.49,5.4,1.02,113
265,天才,6.8,0.4,5.4,0.8,90
266,天堂,7,0.894,5.4,1.625,116
290,功劳,6.8,0.748,5.4,1.96,0
309,失误,3.6,0.49,5.4,1.625,67
337,丢下,2.8,1.166,5.4,2.245,31
341,任性,3.4,0.49,5.4,1.356,29
371,有利,5.8,0.98,5.4,1.356,168
377,有钱,6.4,0.49,5.4,1.855,164
422,冷酷,2.4,1.02,5.4,1.855,19
426,利润,6.6,0.8,5.4,1.625,199
441,孝顺,7.4,1.02,5.4,1.625,90
442,孝敬,7.4,1.02,5.4,1.02,9
462,抑制,4.8,1.166,5.4,1.855,91
494,典范,7.2,0.748,5.4,1.625,63
506,受惠,7,0,5.4,1.02,31
507,受伤,2.8,0.748,5.4,1.02,186
522,固执,3.4,0.49,5.4,1.96,41
526,奇特,5.4,0.49,5.4,0.49,71
529,幸运,7.2,0.748,5.4,0.49,166
531,忠,7,0.632,5.4,0.8,47
540,怕羞,4.2,0.4,5.4,1.356,4
547,承担,5.2,1.166,5.4,1.356,106
605,信心,7.4,0.8,5.4,0.49,419
607,信义,7,0.632,5.4,0.8,36
609,信誉,7,0,5.4,1.625,16
622,哀伤,2.4,0.49,5.4,1.96,24
623,哀愁,2.4,0.49,5.4,2.059,17
632,威严,5.4,1.02,5.4,0.49,19
659,挑剔,3.8,0.748,5.4,1.356,39
674,流泪,3.2,0.748,5.4,1.96,0
681,珍贵,7,0.632,5.4,1.356,174
683,珍藏,6.6,0.8,5.4,2.245,27
684,盼望,6.2,1.327,5.4,1.855,77
687,美人,6,0.632,5.4,1.855,40
718,倒楣,3.2,0.748,5.4,1.356,43
719,倒霉,3.2,0.748,5.4,1.356,11
730,唐突,3.6,0.49,5.4,1.02,0
762,栩栩如生,6.8,0.98,5.4,1.96,20
783,真相,6.4,1.02,5.4,1.497,119
811,臭气,3.6,0.49,5.4,1.855,9
816,虔诚,6.6,0.8,5.4,1.855,54
823,衷心,6.6,0.49,5.4,1.356,33
842,偏心,3.2,0.4,5.4,1.356,14
863,强,6.4,0.49,5.4,1.356,669
865,强壮,6.8,0.748,5.4,1.02,52
872,得意,5.8,0.98,5.4,1.356,151
880,情绪,4.6,0.8,5.4,0.8,526
889,敏捷,6.2,0.4,5.4,1.356,27
913,爽约,3.2,0.748,5.4,1.855,0
924,甜蜜,6.8,0.98,5.4,2.059,44
926,疏忽,3.4,0.49,5.4,1.02,70
927,疏漏,3.4,0.49,5.4,1.02,7
935,笨,3.4,0.49,5.4,1.356,90
956,贫苦,2.8,0.4,5.4,1.02,23
960,贪,3.2,0.4,5.4,1.625,62
962,贪生,3,0,5.4,1.497,0
1006,丧志,2.4,0.49,5.4,2.154,0
1015,富裕,7.4,0.49,5.4,1.855,132
1019,尊敬,7,1.095,5.4,1.497,115
1029,悲喜,4.4,0.8,5.4,1.356,0
1038,悲欢,4.8,0.4,5.4,1.744,0
1128,开朗,7.2,1.166,5.4,1.356,62
1136,传情,6.4,0.49,5.4,1.855,0
1153,傻笑,4,0.894,5.4,0.49,9
1154,势利,3.2,0.748,5.4,1.855,7
1161,想念,4.8,0.4,5.4,1.96,45
1168,爱护,7,0.632,5.4,1.356,72
1171,感伤,3.8,0.4,5.4,1.744,42
1205,烦,3.4,0.49,5.4,1.02,54
1221,罪,3,0,5.4,1.02,67
1249,过失,3,0.632,5.4,1.625,33
1278,荣幸,6.8,0.4,5.4,1.356,17
1287,疑心,3.2,0.4,5.4,0.8,0
1301,精疲力竭,3,0.894,5.4,1.96,12
1311,误会,3.2,0.4,5.4,1.744,45
1313,说谎,2.6,0.8,5.4,0.49,99
1335,僵硬,3.4,0.49,5.4,1.497,28
1352,忧患,3.2,0.4,5.4,1.2,6
1355,忧愁,2.8,0.4,5.4,1.02,21
1356,忧烦,3,0.632,5.4,0.8,0
1362,挚情,7.2,0.4,5.4,1.497,0
1382,乐园,6.4,0.49,5.4,1.356,161
1398,奖杯,7.4,0.49,5.4,1.356,11
1404,奖赏,6.6,0.49,5.4,1.356,13
1408,确信,6.2,0.748,5.4,1.497,24
1430,霉运,2.8,0.4,5.4,1.356,0
1466,兴趣,6.6,1.02,5.4,0.8,855
1491,优,6.8,0.4,5.4,1.356,19
1495,优美,6.8,0.4,5.4,1.497,132
1503,压抑,2.6,0.49,5.4,1.497,132
1539,鲜明,6.4,0.49,5.4,1.744,76
1540,鲜美,6.2,0.4,5.4,1.356,28
1550,坏人,3.4,0.49,5.4,1.02,105
1637,体面,6.4,0.49,5.4,0.8,19
1670,改革,6.2,0.98,5.4,1.2,671
1699,全力,5.8,0.75,5.4,1.36,170
1701,必要,5,0.63,5.4,1.36,471
1703,促进,6.2,0.98,5.4,1.02,380
1807,强大,6.2,0.75,5.4,1.02,172
1816,克服,5.2,1.17,5.4,1.2,189
1829,革新,6.2,0.4,5.4,1.62,59
1952,畅谈,5.8,0.4,5.4,1.02,22
1953,鼓掌,6.2,0.75,5.4,1.02,87
1978,赞许,6.6,0.49,5.4,1.02,17
1981,感人,6.2,0.4,5.4,1.2,54
2011,奋力,6.6,0.49,5.4,1.96,38
2031,热中,6.4,0.49,5.4,1.5,32
2035,为荣,7,0.63,5.4,1.36,30
2054,积极性,6.2,0.75,5.4,1.74,29
2157,恳求,4.6,0.8,5.4,1.02,12
2187,谈恋爱,6.2,0.4,5.4,1.5,47
2216,奋发,6.6,0.49,5.4,1.36,10
2220,义无反顾,5,0.63,5.4,1.85,9
2245,犯罪,2.4,0.8,5.4,1.02,197
2251,逮捕,4,1.79,5.4,1.85,119
2275,反弹,3.8,0.4,5.4,1.02,278
2281,歹徒,3,0,5.4,1.02,125
2282,起诉,3,0.63,5.4,0.49,33
2286,风暴,3.2,0.4,5.4,1.36,67
2308,命令,4.2,0.75,5.4,0.8,124
2312,作战,4,0.89,5.4,1.02,108
2334,罢工,4,0.63,5.4,0.8,68
2335,过度,4,0.63,5.4,1.36,150
2353,失事,2.6,0.8,5.4,1.62,14
2356,弹劾,3.4,0.49,5.4,1.36,7
2390,对立,3.4,0.49,5.4,0.49,107
2401,倒塌,3.2,0.75,5.4,0.8,8
2409,弊端,2.8,0.75,5.4,1.36,57
2431,丑闻,3.2,0.4,5.4,1.2,14
2445,倾销,3.8,0.75,5.4,0.49,9
2448,流氓,3.4,0.49,5.4,0.49,75
2457,惨重,2.6,0.49,5.4,0.8,26
2471,抹黑,3.2,0.75,5.4,1.02,15
2476,触犯,3.6,0.49,5.4,0.49,24
2487,擅自,3.6,0.49,5.4,0.49,21
2488,流血,3.6,0.49,5.4,0.49,64
2490,失利,3.4,0.49,5.4,1.36,26
2511,控诉,3.2,0.75,5.4,1.2,27
2533,瓦解,3.6,0.49,5.4,1.02,68
2546,分割,3.8,0.75,5.4,1.62,61
2548,阴谋,3.2,0.75,5.4,1.5,28
2555,告发,3.8,0.4,5.4,0.8,25
2557,扣留,3.4,0.49,5.4,0.49,7
2561,拖累,3.6,0.49,5.4,0.49,13
2573,拥挤,3.8,0.4,5.4,0.49,83
2599,动摇,4,0,5.4,0.8,61
2616,共犯,3,0.63,5.4,0.49,40
2647,有罪,3,0,5.4,0.8,15
2665,颠覆,5.2,0.4,5.4,1.62,48
2678,占据,4,1.1,5.4,0.49,47
2685,酒醉,3.4,0.8,5.4,1.36,12
2693,追逐,4.8,0.4,5.4,1.36,80
2700,口角,3.4,0.49,5.4,1.36,21
2726,捕捉,4.2,1.17,5.4,0.49,106
2758,扰乱,3.8,0.4,5.4,0.8,27
2789,猥亵,2.8,0.4,5.4,1.36,9
2790,野心,5.2,0.75,5.4,1.36,69
2799,铲除,4,1.1,5.4,0.8,20
2808,牲畜,3.4,1.463,5.4,2.939,13
2817,劝阻,5.3,1.077,5.4,1.772,18
2912,诱骗,3.1,0.663,5.4,1.2,0
3092,唯恐,3.6,0.374,5.4,0.583,27
3115,推诿,3.7,1.166,5.4,1.02,0
3163,被俘,3.1,0.663,5.4,0.8,9
3180,有礼,6.9,0.663,5.4,0.49,14
3183,窝心,7,0.707,5.4,0.8,9
3192,谈笑,6.9,1.02,5.4,1.594,17
3241,聪颖,7.5,0.894,5.4,0.49,0
3293,弊病,2.8,0.748,5.4,2.177,18
3316,纠缠,3,0.632,5.4,2.131,55
3335,撕毁,3.3,0.748,5.4,1.828,0
3364,内斗,2.7,0.678,5.4,1.985,0
3382,逃走,3.2,0.812,5.4,1.068,43
3409,安和乐利,7.3,0.748,5.4,0.583,0
3410,一帆风顺,7.4,0.8,5.4,0.86,14
3495,废寝忘食,4.9,0.97,5.4,1.068,0
3502,入迷,6.1,0.917,5.4,1.356,15
3521,日久生情,6.5,0.447,5.4,0.97,0
3576,处变不惊,5.9,0.894,5.4,0.962,5
3597,进化,6.4,0.742,5.4,1.517,31
3632,深植人心,6.5,1.323,5.4,1.342,7
3739,壅塞,2.6,0.894,5.4,1.342,17
3750,断线,2.3,1.304,5.4,1.517,4
3802,险峻,3.4,1.673,5.4,1.475,17
3876,看不惯,2.7,1.095,5.4,1.342,11
3877,看不过去,2.7,1.095,5.4,1.342,11
3908,充盈,6.3,0.447,5.4,0.962,0
3913,自恃,3.8,0.758,5.4,1.14,0
3980,愧对,3,0.707,5.4,1.14,0
4136,受用,7.6,0.962,5.4,0.962,20
4152,刚直,6.9,1.14,5.4,0.822,0
4203,行云流水,7.4,0.418,5.4,1.14,0
4290,上镜头,6.7,1.605,5.4,1.817,0
4311,凹凸不平,4.1,0.822,5.4,1.71,12
4419,逃掉,3.2,0.812,5.4,1.068,0
4438,筋疲力竭,3,0.894,5.4,1.96,5
4459,可信赖,7.2,0.4,5.4,1.497,0
4478,蠢人,3.4,0.49,5.4,1.356,0
4543,误入歧途,2.9,0.742,5.4,1.14,9
4549,犯贱,2.2,0.758,5.4,1.14,0
4612,引颈企盼,7,1.225,5.4,1.14,6
4646,死狗,1.1,0.224,5.4,0.894,0
4721,打屁股,4.2,1.304,5.4,2.302,0
4755,狠毒,2.7,1.037,5.4,0.962,5
4791,搞屁,4.2,0.758,5.4,1.782,0
4795,打烂,3.6,1.194,5.4,1.084,0
4828,胡作非为,3.1,0.548,5.4,1.636,4
4859,陷害,2.9,1.14,5.4,2.043,7
4932,匪夷所思,4.5,0.866,5.4,1.517,11
4942,烂车,2.7,0.975,5.4,1.673,0
5060,碍眼,2,0.707,5.4,2.074,6
5061,疯癫,1.4,0.548,5.4,2.302,0
5087,心狠手辣,2.7,1.304,5.4,1.517,0
5169,报应,2.5,1.414,5.4,2.302,10
5197,憋死,3.2,1.351,5.4,2.191,0
5274,逞威,3.8,0.447,5.4,1.14,0
5330,心有余悸,3.3,0.908,5.4,0.962,10
5355,搞政变,2.7,0.837,5.4,1.917,0
2806,陷阱,3.3,0.748,5.5,1.673,104
2851,损毁,3.4,0.49,5.5,1.183,10
2907,盗窃,3,0.548,5.5,0.894,0
2935,击溃,4.9,1.625,5.5,1.844,0
2963,快快乐乐,7.1,0.49,5.5,1.095,24
2974,英雄式,6.5,0.894,5.5,2.098,8
3052,横行,3.5,0.632,5.5,1,40
3129,偏颇,3.7,1.166,5.5,0.894,23
3142,用尽,4,0.894,5.5,1.414,32
3158,突如其来,4.8,0.748,5.5,1.265,14
3171,当心,5.1,1.114,5.5,1,11
3266,痴痴,6.1,0.8,5.5,1.414,0
3295,失明,2.1,1.428,5.5,2.864,18
3406,出人意表,6.4,0.583,5.5,1.183,9
3471,心满意足,7.3,0.748,5.5,1.342,18
3549,奢侈,3.4,1.194,5.5,0.5,35
3557,有过之而无不及,4.4,0.652,5.5,0.791,8
3627,劳民伤财,2.7,0.671,5.5,1.414,8
3690,超时,3.1,1.342,5.5,1.414,0
3799,忧喜参半,4.8,0.447,5.5,1.225,0
3911,白费,2.8,1.095,5.5,1.5,15
4063,名不虚传,7.5,0.866,5.5,1.5,0
4101,多虑,4.6,0.962,5.5,1.541,0
4149,负责任,7.7,0.975,5.5,0.354,94
4153,天花乱坠,3.2,0.447,5.5,1.225,4
4240,好用 ,6.8,0.758,5.5,1.414,48
4367,坑坑洞洞,3.7,0.758,5.5,1.581,0
4735,祸害,2.4,0.822,5.5,1.658,9
4833,贪生怕死,3.3,0.274,5.5,1.696,0
4855,硬逼,3.9,0.822,5.5,2.121,0
4878,祸国殃民,2.7,0.671,5.5,2.092,0
5052,凶猛,3.5,1.414,5.5,1.581,11
5053,凶猛,3.5,1.414,5.5,1.581,10
5094,由爱生恨,3.9,0.742,5.5,2.55,0
5127,尖酸刻薄,2.3,0.447,5.5,1.5,0
5218,踹开,4,0.612,5.5,1.581,0
5237,不择手段,2.9,0.894,5.5,1.5,16
5282,打碎,3.9,1.14,5.5,1.118,11
5285,男盗女娼,1.9,0.894,5.5,2.062,0
5385,乱吼,3.7,0.671,5.5,1.414,0
5406,逼问,3.3,0.908,5.5,0.791,7
5450,妖艳,5.8,1.681,5.5,1.225,0
5451,妖艳,5.8,1.681,5.5,1.225,0
5504,皱裂,2,0.707,5.5,0.866,0
5505,浓艳,5.8,1.304,5.5,0.707,0
5,不利,3.6,0.49,5.6,0.8,158
23,不当,3.4,0.8,5.6,1.2,178
43,无暇,3.6,1.356,5.6,1.2,20
54,丰富,6.8,0.748,5.6,1.02,674
59,支撑,5.6,1.02,5.6,1.855,117
60,付出,5.8,0.98,5.6,1.356,306
76,贡献,7.4,1.02,5.6,1.02,302
85,爱好,7,0,5.6,1.2,108
86,感谢,7.4,0.49,5.6,1.744,243
97,帮助,6.6,0.49,5.6,1.02,621
100,怀念,6,0.632,5.6,1.356,114
117,笨蛋,3,0,5.6,1.02,8
148,坦白,6,0.632,5.6,1.02,60
149,奉承,3.6,0.49,5.6,1.2,9
171,插嘴,3.6,0.49,5.6,1.497,9
189,庆典,6.6,0.49,5.6,1.497,49
197,谄媚,3.4,0.49,5.6,1.356,0
204,归咎,3.2,0.4,5.6,0.49,5
216,赞美,7,0.632,5.6,1.855,66
232,小偷,3.2,0.748,5.6,1.497,28
253,分歧,3.2,0.748,5.6,1.625,41
289,出色,7.2,0.4,5.6,1.497,65
308,失望,3,0.632,5.6,1.356,211
321,打扰,3.6,0.49,5.6,2.059,31
322,打搅,3.6,0.49,5.6,2.059,4
338,丢弃,3,1.095,5.6,1.96,37
367,收获,6.8,0.4,5.6,1.497,153
373,有害,3.4,0.49,5.6,1.02,49
376,有趣,7,0.632,5.6,1.497,394
382,死不,3.8,1.304,5.6,0.894,0
399,自信,7,0.632,5.6,1.02,98
429,吹毛求疵,3.2,0.4,5.6,0.8,4
448,屁眼,1.8,1.166,5.6,1.356,0
451,庇护,6.2,1.166,5.6,0.49,32
476,灾,2,0.894,5.6,1.744,44
493,依恋,5.6,1.356,5.6,1.855,13
495,刺眼,3.2,0.748,5.6,2.059,10
552,拉紧,5.2,0.4,5.6,0.8,0
574,欣赏,6.8,0.4,5.6,1.02,589
591,非难,3.2,0.4,5.6,0.8,0
598,局促,4,0,5.6,1.497,10
618,哀求,2.8,0.4,5.6,1.497,29
620,哀凄,2.6,0.8,5.6,2.154,0
628,哄骗,3.4,0.49,5.6,1.2,5
635,幽默,7,0,5.6,1.96,112
688,美好,6.8,0.4,5.6,1.356,275
690,美味,6.8,0.748,5.6,1.02,43
717,首创,5.4,0.8,5.6,2.059,37
721,值得,6.4,0.8,5.6,1.356,957
722,值钱,6.2,0.748,5.6,1.2,22
733,害怕,3.2,0.4,5.6,1.497,261
736,容忍,3.6,1.02,5.6,1.02,58
749,悔之,4.2,1.47,5.6,1.356,0
782,真心,7,0.894,5.6,2.059,44
784,真理,6.4,1.02,5.6,1.744,191
792,神经质,3.2,0.4,5.6,1.497,21
844,偏见,3.4,0.49,5.6,0.49,41
845,偏执,3.6,0.8,5.6,1.855,10
874,得罪,3.2,0.4,5.6,1.356,60
897,淘气,5.6,1.02,5.6,1.356,25
907,淹没,3.6,1.02,5.6,1.744,54
917,猜疑,3.2,0.4,5.6,0.8,17
929,眼花撩乱,4.4,0.8,5.6,2.417,34
930,眼花缭乱,4.4,0.8,5.6,2.417,0
939,粗俗,3,0.632,5.6,1.497,13
961,贪心,3,0,5.6,1.744,22
968,贪欲,3.6,0.49,5.6,1.744,0
1114,华丽,6.8,0.748,5.6,1.96,78
1144,伤神,3.4,0.49,5.6,2.059,0
1155,呜咽,2.6,0.8,5.6,1.855,8
1214,烦琐,3.6,0.49,5.6,1.497,5
1230,羡慕,6,1.414,5.6,0.49,114
1255,违纪,2.6,0.8,5.6,1.02,0
1256,违约,2.8,0.748,5.6,1.02,17
1266,厌烦,3,0.632,5.6,1.356,30
1282,满意,7.2,0.748,5.6,1.02,396
1288,疑神,3.8,0.748,5.6,1.02,0
1307,腐败,2.4,0.49,5.6,2.498,65
1312,误解,3.4,0.49,5.6,1.855,66
1318,轻视,3.2,0.748,5.6,1.356,34
1334,僵持,3.4,0.8,5.6,1.855,16
1341,妩媚,6.6,0.49,5.6,1.497,18
1342,嬉笑,5.8,1.6,5.6,1.497,6
1353,忧劳,3.6,0.49,5.6,1.02,0
1354,忧伤,3,0.632,5.6,1.02,20
1373,乐,6.6,0.49,5.6,1.2,151
1377,乐在其中,7,0,5.6,1.356,9
1400,奖金,7.6,0.49,5.6,1.02,243
1401,奖品,7.4,0.8,5.6,1.02,42
1405,奖学金,7.4,0.49,5.6,2.059,78
1420,质疑,3.6,1.02,5.6,0.8,227
1433,魅力,7.2,0.4,5.6,1.855,174
1441,拥抱,6.4,0.49,5.6,1.02,88
1444,操心,3.8,0.4,5.6,1.356,26
1451,机敏,7,0.632,5.6,1.497,4
1464,兴旺,6.8,0.4,5.6,1.497,16
1488,错误,3.2,0.748,5.6,1.02,265
1510,滥用,3,0.632,5.6,1.625,48
1534,亏损,3.2,0.748,5.6,1.855,57
1548,杂乱,3.6,0.49,5.6,1.497,20
1556,坏运,3,0,5.6,1.02,0
1557,宠爱,6.8,1.166,5.6,2.059,27
1569,难过,3,0.632,5.6,1.356,232
1570,难闻,3.6,0.49,5.6,1.02,6
1591,烂,2.8,0.748,5.6,1.356,93
1594,缠讼,3.6,0.49,5.6,1.96,9
1638,体贴,7,0.632,5.6,1.356,64
1646,赞,7.6,0.8,5.6,0.8,5
1667,重要,6,1.1,5.6,0.8,2990
1693,重视,5.6,0.8,5.6,0.49,873
1765,期待,6.2,0.4,5.6,1.02,289
1821,夺得,5.2,0.98,5.6,1.5,57
1941,不遗余力,6.2,0.75,5.6,1.5,36
2036,恭喜,6.8,0.4,5.6,1.02,70
2079,征服,5.2,0.4,5.6,1.36,53
2242,危机,3.2,0.4,5.6,1.5,541
2243,紧急,3.8,0.75,5.6,1.5,206
2261,绝对,5,0,5.6,1.5,524
2274,灾害,2.6,0.49,5.6,1.2,71
2346,废除,4.4,0.8,5.6,0.8,73
2395,灾难,3.2,0.4,5.6,0.8,118
2413,破产,3,0.63,5.6,1.5,72
2414,摆脱,4.4,1.36,5.6,0.49,124
2477,勾结,3.4,0.49,5.6,1.02,41
2501,瘫痪,2.8,0.75,5.6,1.5,30
2502,扣押,3.2,0.4,5.6,0.49,9
2505,倒闭,2.8,0.75,5.6,1.62,40
2522,击中,4.6,1.02,5.6,0.8,30
2531,泛滥,3.2,0.4,5.6,0.49,58
2537,贿赂,2.8,0.4,5.6,0.49,10
2559,战场,3.4,0.8,5.6,1.62,106
2569,哀悼,2.6,0.49,5.6,1.5,13
2571,暴雨,3.6,0.49,5.6,0.49,20
2588,血腥,2.8,0.4,5.6,0.49,18
2642,忍受,3.6,0.49,5.6,0.8,157
2675,牴触,4,0.63,5.6,1.02,18
2679,清算,3.8,0.75,5.6,1.36,10
2708,攻占,4.6,1.2,5.6,0.8,28
2734,遏制,4,1.1,5.6,0.8,0
2762,行窃,3,0,5.6,1.02,23
2765,专制,3.6,0.49,5.6,0.8,28
2779,屠宰,2.8,0.4,5.6,0.49,8
2811,犯规,3.5,0.447,5.6,1.497,18
2848,败北,3.4,0.8,5.6,1.356,14
2854,攻击性,3.4,0.374,5.6,1.655,0
2913,强盗罪,2.7,0.872,5.6,1.855,0
2976,满载而归,6.9,1.2,5.6,1.985,13
3111,咬伤,3.7,0.98,5.6,1.356,0
3195,道谢,7,0.894,5.6,1.625,28
3196,耐劳,6.3,0.4,5.6,1.356,14
3208,赏心悦目,6.8,0.4,5.6,1.356,17
3240,彬彬有礼,7.3,1.077,5.6,0.583,8
3254,圣洁,7.1,0.8,5.6,1.241,9
3320,闹事,2.9,0.86,5.6,1.772,0
3346,撕裂,2.7,0.6,5.6,1.985,16
3414,最高,7.2,1.327,5.6,1.744,0
3436,昌盛,7.1,1.114,5.6,0.8,0
3453,殷勤,6.3,0.6,5.6,1.53,0
3546,妙不可言,6.9,0.97,5.6,0.8,0
3596,周到,7.6,0.894,5.6,0.894,11
3604,晕倒,3.2,0.908,5.6,1.342,14
3727,标新立异,6.3,1.304,5.6,1.517,10
3738,鲁莽,2.7,1.095,5.6,1.14,0
3850,变糟,2.2,0.908,5.6,1.557,0
3926,爱戴,7.1,0.548,5.6,1.673,10
3971,萌,7.1,0.418,5.6,1.14,4
4004,出线,5.8,0.837,5.6,0.894,21
4109,居心叵测,2.4,0.962,5.6,1.475,0
4127,不慎,3.1,1.084,5.6,1.14,55
4211,堆积如山,3.3,1.037,5.6,0.652,10
4268,货真价实 ,7.8,0.908,5.6,1.517,13
4329,丢失,3,1.173,5.6,1.084,0
4332,先声夺人,4.6,0.822,5.6,0.962,0
4383,邪不胜正,7.7,1.396,5.6,0.652,0
4474,得罪人,3.2,0.4,5.6,1.356,0
4477,蠢蛋,3,0,5.6,1.02,0
4533,陷住,3.8,0.758,5.6,1.475,0
4541,卖国,2.7,1.095,5.6,1.557,0
4576,不可名状,6,1,5.6,1.342,0
4656,劫掠,2.4,1.14,5.6,1.517,4
4700,喝倒彩,2.4,1.14,5.6,2.104,0
4912,喋喋不休,3.8,1.037,5.6,2.074,7
4931,厚颜无耻,2.2,0.758,5.6,2.51,0
5031,挑逗,4.5,1.803,5.6,1.949,9
5059,威慑,4.1,0.894,5.6,1.673,0
5214,野蛮人,3,1.369,5.6,0.548,4
5260,挺而走险,4.2,1.304,5.6,2.535,0
5310,交媾,4.4,0.548,5.6,1.636,0
5390,痛哭,2.7,1.304,5.6,0.822,17
5391,恸哭,2.7,1.304,5.6,0.822,0
5449,死白,3.3,1.037,5.6,1.14,0
5507,黏闷,2.8,0.758,5.6,0.962,0
3106,束手无策,3.7,1.077,5.7,1.327,28
3112,堪虑,3.7,0.4,5.7,0.872,13
3113,告诫,4.3,0.4,5.7,1.077,23
3136,姑息,3.8,0.4,5.7,0.872,0
3214,幽默感,7,0.894,5.7,1.536,16
3384,自立自强,6.2,1.166,5.7,1.4,9
3431,颂扬,7.6,0.374,5.7,1.4,0
3530,自满,4.5,2.121,5.7,1.887,16
3559,粗制滥造,3.2,0.908,5.7,1.204,7
3563,阴霾,2.7,1.095,5.7,0.671,21
3592,跑不动,4,0.707,5.7,1.396,0
3783,撑不住,2.6,0.652,5.7,1.605,0
3790,远大,6.8,0.837,5.7,0.671,29
3791,瘙痒,4,0.612,5.7,1.44,0
3832,趋之若骛,5.5,1.225,5.7,1.565,0
3890,颠簸,3.6,0.418,5.7,1.204,7
3912,吃不消,3.1,0.418,5.7,1.204,14
3920,耗尽,3.7,1.037,5.7,1.483,15
3944,举足轻重,6.2,1.304,5.7,1.204,28
4081,狼狈,2.1,1.14,5.7,1.204,11
4082,狼狈不堪,2.1,1.14,5.7,1.204,4
4092,多汁,6.2,0.908,5.7,0.837,8
4225,略胜一筹 ,6.3,0.57,5.7,0.758,7
4750,惊醒,3.5,1.369,5.7,0.837,33
4848,挥霍,3.7,1.037,5.7,2.049,9
5124,惹怒,3.6,0.548,5.7,2.729,0
5244,烦死,2.7,1.204,5.7,1.204,0
5291,饿死,2.4,1.14,5.7,1.789,161
5387,死不瞑目,1.9,1.084,5.7,1.924,0
5388,耍狠,3.1,1.084,5.7,1.483,0
5472,干裂,2.5,0.935,5.7,1.151,0
5483,无眉怪,2.9,1.084,5.7,1.351,0
5489,涂不匀,3.4,1.084,5.7,1.151,0
2,不平,3.6,0.49,5.8,0.98,65
41,无情,2.6,1.02,5.8,2.4,79
50,嘻,6.6,0.8,5.8,0.98,8
72,玩,5.6,1.497,5.8,0.98,896
73,信任,7.8,0.748,5.8,1.47,207
79,喜欢,7,0.632,5.8,0.98,1993
80,丧失,2.6,0.49,5.8,1.6,196
99,谢谢,6.6,0.8,5.8,0.748,833
179,嘉奖,6.8,0.4,5.8,0.748,4
205,离婚,2.4,1.02,5.8,1.327,159
214,恋人,7,0,5.8,1.47,27
235,不仁,3,1.095,5.8,1.166,5
256,分裂,3.6,0.8,5.8,2.04,114
258,厄运,3,0.632,5.8,1.47,21
292,可口,6.4,0.49,5.8,0.98,39
303,外向,6,0.632,5.8,1.166,9
325,生命力,6.8,0.748,5.8,1.166,105
326,生气,5.4,1.625,5.8,1.47,283
329,生动,6.4,0.49,5.8,0.98,119
331,生厌,3.4,0.49,5.8,1.166,4
339,丢脸,3,0.632,5.8,1.6,22
345,光辉,6.6,0.49,5.8,1.166,60
354,好玩,6.2,0.4,5.8,1.166,145
383,死心,2.4,0.49,5.8,2.227,14
385,死气,3,0.632,5.8,1.72,0
439,妨碍,3.2,0.748,5.8,1.166,62
463,抑郁,2.4,0.8,5.8,1.939,12
473,沉重,3.2,0.4,5.8,0.98,54
487,走运,7,0.632,5.8,1.327,0
533,忠孝,7.4,1.2,5.8,1.166,38
534,忠诚,7.2,1.166,5.8,1.47,29
535,忠实,7,1.265,5.8,1.47,59
546,怪诞,3.4,0.49,5.8,1.166,6
553,抛弃,2.6,0.49,5.8,1.47,48
556,放弃,2.6,0.49,5.8,2.135,419
580,玩耍,6.2,0.748,5.8,1.47,40
589,非人,3.4,1.02,5.8,0.748,11
617,咯咯笑,6.4,0.49,5.8,1.166,0
638,怒不,3.8,0.837,5.8,1.095,0
649,思乡,3.8,0.748,5.8,0.748,15
662,挖苦,3.4,0.49,5.8,0.748,0
668,毒,2.8,0.748,5.8,0.98,102
678,珍奇,6.8,0.4,5.8,1.47,14
691,美梦,6.8,0.748,5.8,2.04,0
694,美丽,7.2,0.4,5.8,2.135,656
713,降级,3.6,0.49,5.8,2.04,0
714,面临,4.8,0.4,5.8,1.47,641
753,悔意,3,0,5.8,0.748,0
790,祝福,6.6,0.49,5.8,1.47,67
794,笑,6.8,0.748,5.8,0.98,683
858,娼妓,2.8,0.98,5.8,1.6,5
888,推崇,6.4,0.8,5.8,0.98,61
931,眼泪,3.4,0.8,5.8,0.98,0
964,贪求,3.2,0.4,5.8,1.166,0
967,贪图,3,0.632,5.8,1.939,16
984,胜过,6.2,0.748,5.8,0.748,51
994,喜怒无常,3.4,0.49,5.8,0.748,0
1060,景仰,6.8,0.4,5.8,0.748,11
1065,棒,6.8,0.748,5.8,1.47,86
1068,钦佩,7.2,0.4,5.8,0.98,27
1073,渴望,5.6,1.2,5.8,1.166,57
1092,无惧,5.8,1.47,5.8,1.166,5
1105,发臭,3.2,0.748,5.8,1.166,7
1107,盗,3,0.894,5.8,1.47,10
1134,乱,3.6,0.49,5.8,0.98,308
1147,伤残,2.8,0.748,5.8,0.98,32
1157,嫌,3,0.632,5.8,1.166,146
1166,爱情,7,0,5.8,1.6,241
1187,业障,3,0,5.8,1.72,12
1198,毁坏,3.2,0.4,5.8,0.748,21
1209,烦劳,3.2,0.4,5.8,1.6,0
1210,烦闷,3,0,5.8,1.47,19
1236,落空,3.4,0.8,5.8,1.6,20
1276,慷慨,6.8,0.98,5.8,0.748,35
1280,荣誉,7.6,0.8,5.8,1.47,110
1315,豪华,6.8,0.4,5.8,1.166,135
1337,唠叨,3.8,0.4,5.8,1.47,26
1425,遭受,3.6,0.8,5.8,0.748,92
1470,亲,6.6,0.8,5.8,1.6,39
1475,诺言,6.8,0.98,5.8,0.748,26
1484,遗弃,2.8,0.4,5.8,1.939,33
1567,难吃,3.4,0.8,5.8,1.72,10
1682,努力,6.8,0.75,5.8,1.47,1256
1831,奋斗,6.6,0.8,5.8,1.72,138
1843,得奖,7,0.63,5.8,1.72,62
1846,爱国,6.8,0.75,5.8,0.75,90
1970,夺冠,7,0,5.8,0.98,4
2025,遥遥领先,7,0.63,5.8,0.75,9
2086,斗志,6.8,0.4,5.8,1.94,30
2104,旗开得胜,7.2,0.75,5.8,1.47,7
2139,发财,6.8,0.4,5.8,1.17,35
2166,激赏,6.4,0.49,5.8,1.33,16
2178,引以为傲,6.6,0.49,5.8,1.6,10
2199,心动,6.4,0.49,5.8,0.75,27
2284,绝不,3.4,1.36,5.8,1.17,336
2293,辩论,4.4,0.8,5.8,0.75,102
2341,火灾,3.2,0.75,5.8,1.17,71
2425,流亡,3.6,0.49,5.8,0.4,26
2436,制止,4.4,1.02,5.8,0.75,59
2442,开除,3.2,0.4,5.8,0.75,37
2530,暴露,3.4,0.49,5.8,0.75,76
2532,不肖,3,0.63,5.8,0.75,35
2544,受阻,3.4,0.8,5.8,0.75,20
2547,独裁,3,0.63,5.8,0.98,54
2550,逃亡,3,0.89,5.8,0.75,22
2567,加剧,4,0.63,5.8,1.72,9
2575,抢走,3.4,0.49,5.8,0.75,22
2576,大声,4.6,0.49,5.8,0.75,195
2583,烧毁,3.2,0.4,5.8,0.75,6
2611,发作,4.2,0.75,5.8,0.75,92
2622,求助,3.6,0.8,5.8,0.75,47
2649,冲撞,3.6,0.8,5.8,0.75,15
2676,暴跌,3,0,5.8,1.17,19
2683,有毒,3,0,5.8,1.17,28
2697,罢黜,3.6,1.36,5.8,1.72,10
2704,追捕,4,1.1,5.8,0.75,19
2713,断绝,3.2,0.4,5.8,0.75,32
2759,受难,3,0.63,5.8,1.17,51
2786,遇刺,2.8,0.4,5.8,0.75,11
2850,逐出,3.3,0.748,5.8,1.288,18
2857,逃跑,3.5,0.894,5.8,0.98,14
2858,蛮横,3.3,1.077,5.8,1.122,15
2889,饮恨,3.8,0.748,5.8,1.166,15
2893,侵吞,3.4,0.583,5.8,1.166,0
2906,压倒,4.3,0.4,5.8,1.568,12
2958,奋起,6.4,0.583,5.8,0.98,12
3055,围困,3.4,0.8,5.8,0.748,0
3071,诱惑,4.3,0.748,5.8,1.122,62
3094,一面倒,3,1.095,5.8,1.568,0
3104,捏造,3.7,0.678,5.8,0.678,10
3135,置之不理,3.5,0.775,5.8,0.748,8
3169,刻苦,6.4,0.97,5.8,1.166,17
3175,吃苦,4.2,1.166,5.8,1.47,30
3247,知耻,6.3,0.6,5.8,0.4,9
3347,毒害,1.9,0.374,5.8,1.631,19
3419,报喜,7.5,0.447,5.8,1.435,14
3531,恶行,2.6,0.583,5.8,1.568,10
3540,豪勇,6.6,0.583,5.8,1.503,0
3541,爱人如己,6.9,0.583,5.8,1.03,0
3555,不相上下,6.2,0.837,5.8,0.837,16
3608,源源不绝,6.5,1.118,5.8,1.351,8
3678,万幸,7,0.791,5.8,1.304,5
3679,解渴,6.6,0.894,5.8,1.304,22
3696,过载,2.9,1.14,5.8,1.351,0
3794,赔钱,2.4,0.652,5.8,1.351,23
3868,历尽沧桑,4,1,5.8,1.643,0
3881,过头,2.8,0.447,5.8,0.57,12
3893,严苛,3.2,1.151,5.8,1.525,19
3953,缤纷,7.8,0.274,5.8,1.304,30
3984,干脆,6.1,1.245,5.8,1.304,167
4035,出糗,2.3,1.204,5.8,1.304,6
4100,如愿以偿,7.3,0.837,5.8,1.483,6
4164,不像话,2.4,0.962,5.8,0.837,5
4213,特立独行,6.2,1.891,5.8,1.151,9
4380,见效,6.5,0.935,5.8,1.44,8
4386,事半功倍,7.3,0.671,5.8,1.095,17
4395,奇货可居,7.2,1.151,5.8,1.525,4
4417,妨碍者,3.2,0.748,5.8,1.166,0
4418,走好运,7,0.632,5.8,1.327,0
4453,唠唠叨叨,3.8,0.4,5.8,1.47,0
4460,可信任,7.8,0.748,5.8,1.47,0
4465,死气沉沉,3,0.632,5.8,1.72,0
4466,死气沉沉,3,0.632,5.8,1.72,4
4540,臭脸,3.3,0.671,5.8,0.837,0
4565,不孝,2.1,1.025,5.8,1.643,19
4587,挑拨是非,2.8,1.037,5.8,1.304,0
4709,可恨,2.2,1.304,5.8,1.924,9
4739,嗜杀成性,2.1,1.14,5.8,0.908,0
4752,猛攻,4.3,1.037,5.8,1.304,7
4792,嫉妒,3.4,1.194,5.8,1.605,38
4860,啼哭,3.9,0.822,5.8,1.304,0
4894,批驳,3.9,0.418,5.8,1.987,0
4916,难以置信,4.9,0.224,5.8,1.754,16
4962,功亏一篑,3,0.354,5.8,1.643,5
5006,倒坍,3.6,0.548,5.8,2.28,0
5019,失恋,4,0.707,5.8,2.387,10
5032,死光,2,1.225,5.8,2.588,8
5033,死光光,2,1.225,5.8,2.588,5
5208,见死不救,2.2,0.758,5.8,1.643,0
5259,恣意妄为,2.9,0.742,5.8,1.095,0
5349,整死,2.2,0.908,5.8,1.151,9
5350,叫嚣,3,0,5.8,1.037,10
5412,落荒而逃,3.5,0.935,5.8,0.908,5
5508,黏腻,2.7,0.908,5.8,1.255,0
2809,通牒,3.6,0.583,5.9,1.497,0
2884,海难,3.1,0.2,5.9,2.154,0
2960,欢腾,6.7,0.748,5.9,1.114,0
3083,三八,3.9,0.49,5.9,1.02,12
3120,造谣,3.4,1.2,5.9,0.49,8
3123,一意孤行,3.4,0.8,5.9,0.8,0
3130,怨言,3.4,0.374,5.9,0.49,35
3153,不欢而散,3.1,0.2,5.9,1.2,10
3160,诽谤罪,3.3,0.748,5.9,0.663,0
3164,改头换面,6.2,0.4,5.9,0.8,11
3184,戒除,6.3,0.6,5.9,1.114,0
3188,雄伟,6.2,0.4,5.9,0.49,41
3201,酬谢,6.5,0.775,5.9,0.2,0
3217,舒畅,7.3,1.077,5.9,1.114,27
3256,爱抚,6.8,0.98,5.9,0.2,10
3276,讨人喜欢,7.4,1.068,5.9,1.685,0
3301,溃疡,3.3,0.927,5.9,2.354,14
3329,加害,2.3,0.4,5.9,1.855,13
3339,人身攻击,2.6,0.374,5.9,1.497,13
3435,学成归国,7,0.837,5.9,1.655,0
3440,心想事成,7.7,0.678,5.9,1.744,9
3536,抹煞,3.8,0.678,5.9,1.068,15
3607,新颖,6.6,1.084,5.9,0.894,47
3707,漏气,3.3,0.837,5.9,1.475,13
3721,嘴硬,3,1.225,5.9,1.597,0
3749,丑陋,2,1.173,5.9,1.245,27
3769,图文并茂,7.6,0.894,5.9,1.245,7
3789,与众不同,6.8,0.837,5.9,0.894,35
3889,难听,2.7,0.837,5.9,1.14,14
4120,神清气爽,7.7,0.671,5.9,1.342,5
4167,叛逆,3.2,0.837,5.9,1.14,25
4293,小心翼翼,5.7,1.095,5.9,1.517,48
4305,心不甘情不愿,2.9,0.894,5.9,1.746,4
4526,脱轨,3,0.707,5.9,1.14,0
4538,颠倒是非,2.9,0.652,5.9,0.894,0
4592,打骂,3,0.935,5.9,1.14,16
4595,污辱,2.5,0.707,5.9,1.245,6
4637,催吐,4.3,0.671,5.9,1.673,0
4737,有出息,7,0.354,5.9,1.746,0
4796,杠上,3.8,0.837,5.9,1.387,0
4805,失身,2.7,1.304,5.9,2.247,4
4837,走着瞧,3.6,0.962,5.9,1.884,0
4854,阵痛,4.2,0.758,5.9,1.517,4
4924,呛声,3.4,0.894,5.9,1.14,0
5143,死缠烂打,2.8,0.758,5.9,2.074,0
5392,残害,2.5,0.935,5.9,1.14,11
5474,干痒,3,1,5.9,1.387,0
9,不幸,2.6,0.49,6,1.549,282
15,不耐烦,3.6,0.8,6,1.095,37
17,不屑,3,0.632,6,1.265,27
18,不悦,3.2,1.166,6,1.265,19
33,肯定,6.8,0.748,6,0.632,669
56,小心,4.6,1.02,6,0.894,435
77,逃避,3,0,6,0.632,148
101,关心,6.4,0.49,6,0.894,664
119,愚蠢,2.8,0.4,6,1.673,28
150,奉献,6.8,0.4,6,0.894,95
168,甜心,6.8,0.748,6,1.414,0
180,称赞,6.8,0.4,6,0.632,79
193,敌人,3,0.632,6,1.549,159
199,亲爱,7.4,0.49,6,1.265,46
207,讥,3.2,0.4,6,0.894,0
244,仇,2.4,1.02,6,0.894,21
288,充沛,6.6,0.49,6,1.095,35
319,打败,6.2,1.166,6,0.894,71
335,丢人,2.8,0.4,6,1.095,0
352,多情,4.2,1.327,6,1.095,19
353,多疑,3.8,0.4,6,0.632,6
359,妄想,3.2,0.748,6,1.414,14
368,曲解,3.4,0.49,6,1.414,7
369,有力,6,0.894,6,0.894,96
400,自负,4.6,1.2,6,1.095,14
403,自豪,6.6,0.49,6,0.894,45
407,至善,7.6,0.8,6,2.191,12
434,壮阔,6.8,0.748,6,1.549,13
446,宏大,7,0.632,6,0.894,10
453,弄坏,3.2,0.748,6,1.673,12
488,辛酸,2.8,0.748,6,1.414,29
503,受苦,3,0.632,6,0.894,40
569,果断,6,0.632,6,0.632,15
578,沾沾自喜,4.6,1.2,6,1.095,13
581,玩笑,5.6,1.2,6,0.894,33
619,哀怨,2.8,0.748,6,1.549,14
630,哈哈,6.6,1.356,6,0.894,135
634,帅气,7,0.632,6,1.265,17
675,炫耀,3.8,0.4,6,0.894,44
682,珍爱,7.2,0.748,6,1.789,4
685,看不起,3.2,0.748,6,1.095,30
707,负债,3.2,0.4,6,1.265,21
723,凌乱,3.4,0.49,6,0.894,31
731,奚落,3.2,0.748,6,1.549,8
750,悔改,4,0.894,6,1.549,12
766,浪漫,6.6,1.02,6,1.095,207
769,消灭,3.6,1.02,6,1.265,80
773,疲于奔命,2.4,1.02,6,1.095,20
779,疼痛,3.4,0.49,6,0.894,75
806,能干,6.8,0.748,6,1.549,55
824,讨喜,6.8,0.4,6,1.095,5
838,高傲,3.2,0.98,6,1.549,8
850,伪造,2.6,0.8,6,0.894,51
854,执拗,3.6,0.49,6,0.632,4
883,排斥,3.2,0.748,6,0.894,107
886,挂虑,4.8,1.47,6,0,0
936,笨手笨脚,3.2,0.4,6,1.095,0
942,粗鲁,3.4,0.8,6,2.098,17
952,处罚,3.4,0.8,6,0.894,69
1031,悲伤,2.8,0.748,6,1.095,52
1053,恶运,2.8,0.4,6,0.894,0
1058,提防,4.6,1.2,6,1.095,20
1064,期盼,6.2,0.748,6,1.265,80
1083,无能,3,0.632,6,0.894,59
1102,发牢骚,3.6,0.49,6,1.414,11
1110,绝望,2.2,0.98,6,2,68
1119,虚荣心,3,0.632,6,1.095,9
1135,傲慢,2.8,0.748,6,1.414,16
1146,伤悲,3,0.632,6,0.894,7
1184,敬重,7,0.632,6,0.894,29
1207,烦心,3.2,0.4,6,0.632,5
1215,烦扰,3.4,0.49,6,1.789,0
1216,烦杂,3.4,0.49,6,1.789,4
1222,罪人,2.8,0.4,6,0.632,12
1224,罪犯,2.6,0.49,6,0.632,28
1226,罪行,2.4,0.8,6,0.632,31
1231,义,6.4,0.894,6,0.707,55
1238,解脱,6.2,0.748,6,0.894,87
1246,贼,2.6,0.8,6,1.265,56
1283,漂亮,7.2,0.4,6,1.265,361
1295,祸,3.2,0.98,6,1.414,43
1338,恶,2.4,0.8,6,0.894,0
1349,庆幸,6.4,0.49,6,1.095,43
1350,庆贺,7,0.632,6,0.894,17
1351,忧心,3.6,0.49,6,0.632,46
1364,挚诚,7.6,0.8,6,2,0
1393,热望,6.2,0.98,6,1.414,0
1442,拥护,6.4,0.49,6,0.894,32
1453,机灵,7,0.632,6,1.265,9
1465,兴致,6.2,0.98,6,0.894,28
1499,优势,6.8,0.4,6,0.894,271
1504,压制,3.6,0.8,6,0.894,69
1537,谢意,6.2,0.4,6,1.549,32
1551,坏心,3.4,0.49,6,0.894,5
1574,骗,3.4,0.49,6,0.894,132
1586,赢取,6.4,0.49,6,1.549,6
1589,骚扰,3.4,0.49,6,0.632,94
1615,变动,4.8,0.4,6,0.894,190
2027,欢庆,6.8,0.75,6,0.63,0
2113,激荡,5.6,1.02,6,1.1,40
2145,出乎意料,5.2,0.4,6,0.89,18
2198,雀跃,6.8,0.4,6,1.1,19
2263,危险,2.4,0.49,6,0.89,449
2280,爆炸,3.2,0.98,6,1.41,69
2301,自杀,2,0.63,6,1.1,228
2351,绑架,2.6,0.49,6,1.1,32
2367,争执,3.4,0.49,6,0.63,55
2370,中毒,2.8,0.4,6,0.89,71
2371,政变,3,0.63,6,0.63,41
2389,轰炸,3.8,0.75,6,0.63,59
2392,打压,3.2,0.75,6,1.1,40
2399,空袭,3,0.63,6,0.63,28
2421,遏止,4,1.41,6,1.41,34
2430,打出,4.4,0.8,6,0.63,60
2443,开枪,2.8,0.4,6,1.1,26
2486,侵入,3.4,0.49,6,0.63,52
2506,强盗,3,0,6,0.89,159
2542,动武,3.4,0.49,6,0.63,42
2543,逃生,3.6,0.49,6,0.89,34
2545,变革,3.6,1.02,6,1.26,91
2579,驱逐,3.2,0.4,6,0.63,27
2591,诽谤,3,0.63,6,1.1,4
2609,凶手,2.2,0.75,6,1.1,9
2613,蓄意,3.4,0.49,6,1.41,15
2627,相撞,3,0.63,6,1.1,8
2631,好战,4.6,0.8,6,2,7
2633,欺骗,3.2,0.4,6,0.89,76
2660,暗杀,1.8,0.75,6,0,14
2671,潜逃,3.4,0.49,6,1.1,13
2695,勒赎,2.4,0.49,6,0.89,11
2701,过份,3.4,0.8,6,1.1,36
2719,呕吐,3.4,0.8,6,1.1,46
2723,求救,3.6,0.49,6,0.63,20
2736,受挫,3.4,0.49,6,0.63,15
2794,囚禁,3,0.63,6,1.1,12
2840,出轨,3.2,0.748,6,1.225,0
2873,中伤,3.3,0.748,6,0.949,0
2881,废物,2.9,0.8,6,1.14,42
2894,上吊,2.2,0.4,6,2.098,11
2902,逼使,3.5,1.265,6,0.949,11
2905,毁谤,3,0.548,6,1.095,0
2970,热恋,6.5,0.447,6,1.304,8
3091,忧心忡忡,3.4,0.49,6,1.095,31
3148,走失,3.2,0.748,6,0,13
3238,完满,7.4,1.02,6,0.632,8
3250,刚毅,6.5,0.632,6,1.265,0
3271,形影不离,6.4,1.068,6,0.632,0
3283,醉人,6.1,1.428,6,1.871,11
3310,骚乱,3,0.707,6,1.817,0
3318,偷工减料,3,0.707,6,1.517,14
3331,独裁者,3,0.949,6,1.789,0
3366,重击,2.5,0.447,6,1.871,8
3374,吵架,2.9,0.49,6,0.837,162
3565,从善如流,6.6,1.14,6,1.173,5
3581,硬化,2.7,0.975,6,1.414,35
3603,扛龟,2.6,0.894,6,1.458,0
3606,搞笑,6.5,1.118,6,1.458,5
3676,焕然一新,7.4,0.548,6,1.414,21
3687,恶狠,1.9,0.742,6,1.414,0
3761,惨兮兮,2.4,0.962,6,1.541,0
3795,醉倒,2.1,0.742,6,1.541,8
3814,藏污纳垢,1.9,0.742,6,1.225,0
3827,烂掉,2.1,1.14,6,1,4
3898,潇洒,7.1,1.294,6,1.414,38
3916,崇尚,7,1.061,6,1.458,26
3942,繁华,7.7,0.447,6,1.581,82
4010,行得通,6.8,0.837,6,0.707,15
4110,争气,7.3,0.975,6,1.225,15
4195,不胜枚举,6.3,1.204,6,1.369,29
4242,物美价廉 ,7.7,0.671,6,1.696,21
4317,可圈可点,7.9,1.245,6,1.061,5
4396,始料未及,3.6,0.962,6,0.866,10
4430,无能力,3,0.632,6,0.894,0
4431,没能力,3,0.632,6,0.894,0
4524,欺负弱小,3.1,0.548,6,1.173,0
4552,醉汉,3.2,0.758,6,1.225,8
4631,受惊,3.8,1.304,6,1,7
4679,无赖,2.6,1.294,6,1.414,9
4692,有碍观瞻,3.3,0.975,6,1.871,6
4764,批斗,3.5,0.707,6,1.541,7
4807,叛国,3,1.275,6,1.732,0
4808,恶有恶报,3.7,0.671,6,1.732,4
4816,疯人,3.9,0.418,6,1.969,0
4817,疯子,3.9,0.418,6,1.969,13
4843,胆大妄为,3.6,1.294,6,1.458,0
4982,逼走,3.3,1.304,6,2.449,0
5494,滑顺好涂,7.1,0.894,6,1.225,0
5497,群芳争艳,7.3,0.671,6,1,0
2945,奸淫,2.8,0.4,6.1,1.02,0
2957,不屈不挠,7.1,1.114,6.1,1.428,9
2996,干劲,6,0.548,6.1,1.685,23
3079,失常,3.2,0.4,6.1,0.917,19
3131,计较,3.8,0.4,6.1,0.663,75
3157,强加,4.3,0.98,6.1,0.8,0
3178,诱人,6,0.632,6.1,1.744,31
3253,望子成龙,6.7,1.249,6.1,1.625,11
3369,罢课,2.8,0.872,6.1,1.281,0
3514,痴心,5.8,0.6,6.1,0.663,0
3528,嘻嘻哈哈,5.6,1.02,6.1,1.2,9
3552,凄惨,1.7,0.447,6.1,1.245,11
3614,诡异,2.7,0.837,6.1,1.342,33
3616,狰狞,2,1.225,6.1,1.245,9
3637,无以复加,3.8,1.304,6.1,1.14,0
3641,酸痛,2.6,0.894,6.1,1.517,4
3642,酸痛,2.6,0.894,6.1,1.517,19
3643,酸酸痛痛,2.6,0.894,6.1,1.517,0
3644,酸酸痛痛,2.6,0.894,6.1,1.517,0
3680,肿痛,2.9,1.245,6.1,1.597,8
3768,呕心沥血,7.4,0.962,6.1,1.432,4
3781,层出不穷,4.4,0.652,6.1,0.894,41
3863,独得,7,1,6.1,1.245,11
3885,精准,7.5,1,6.1,1.517,14
3887,优越,7.7,1.304,6.1,1.025,58
3888,应有尽有,6.9,0.224,6.1,1.557,32
3937,漏电,3.7,1.204,6.1,1.517,0
3979,嫌弃,2.4,1.14,6.1,1.245,6
4247,买一送一 ,6.8,0.908,6.1,1.084,0
4267,淋漓尽致 ,7.6,0.418,6.1,0.962,23
4271,胜出 ,7.4,1.084,6.1,0.962,0
4382,身历其境,6.1,1.673,6.1,0.962,20
4475,凄惨,1.7,0.447,6.1,1.245,6
4562,蛮干,3.8,0.758,6.1,1.342,8
4645,训斥,1.6,0.548,6.1,1.432,5
4761,妒恨,2.7,0.447,6.1,0.962,0
4782,歼灭,3.9,1.917,6.1,1.597,0
4814,夭折,3,1.458,6.1,1.517,14
4863,责骂,3.9,0.652,6.1,1.673,23
5203,色欲,3.9,0.224,6.1,1.025,0
5382,忿恨,3,1,6.1,1.14,0
5419,砰然,5.5,0.935,6.1,1.245,0
12,不知所措,3.2,0.748,6.2,1.327,31
16,不准,3.6,0.49,6.2,0.98,66
51,嘻嘻,7,1.095,6.2,0.748,25
67,吸引,6,0.632,6.2,1.327,560
78,喜爱,7.2,0.4,6.2,0.98,275
91,鼓励,7,0,6.2,0.748,906
147,取笑,3.6,0.49,6.2,0.748,16
184,嘲弄,2.6,0.8,6.2,0.748,20
202,戏弄,3.4,0.49,6.2,0.98,11
212,欢送,6,0.632,6.2,1.166,8
213,欢聚,7.2,0.98,6.2,1.47,0
225,上当,3.2,1.166,6.2,1.72,43
230,大胆,5.4,0.49,6.2,1.47,127
264,反对,3.4,0.8,6.2,1.166,644
298,可爱,7,0.632,6.2,1.166,396
305,外伤,3.6,1.02,6.2,1.166,22
317,打破,4,0.632,6.2,1.166,261
344,光荣,6.8,0.4,6.2,1.166,66
366,成就,7,0,6.2,1.47,374
408,色情,2.8,0.98,6.2,1.72,120
438,妨害,2.6,1.02,6.2,0.748,77
477,牢骚,3.4,0.49,6.2,0.98,18
532,忠心,7.4,0.49,6.2,1.166,12
554,拙劣,2.6,0.8,6.2,1.72,0
555,放任,3,0.632,6.2,1.47,32
572,欣然,6.4,0.49,6.2,1.327,28
592,侵犯,2.4,0.49,6.2,2.227,97
603,保证,6.6,0.49,6.2,0.98,202
670,活力,6.6,0.49,6.2,0.98,187
689,美妙,7,0.632,6.2,1.6,57
706,负心,2.4,0.49,6.2,2.227,0
732,娱乐,6.4,0.49,6.2,1.6,199
754,悔过,2.8,0.4,6.2,1.166,5
789,祝贺,7,0.632,6.2,1.166,27
804,缺憾,2.6,0.8,6.2,2.227,29
821,衰败,3,0.632,6.2,2.227,23
826,迷人,6.8,0.4,6.2,1.166,96
830,迷乱,3.2,1.166,6.2,0.748,4
832,迷恋,4.4,1.02,6.2,1.72,15
833,逃离,4,0,6.2,0.98,27
851,动人,6.8,0.4,6.2,0.748,101
855,坚决,5.4,0.49,6.2,1.327,88
857,坚强,6.8,0.748,6.2,1.327,97
945,统治,5.2,0.748,6.2,1.166,299
982,创伤,2.8,0.4,6.2,0.748,30
995,喜宴,6.6,0.49,6.2,1.72,14
996,喜悦,7.4,0.49,6.2,1.166,139
1004,丧心,3,0,6.2,1.6,0
1008,丧偶,2.6,1.02,6.2,1.166,9
1042,恶人,2.8,0.748,6.2,0.98,21
1043,恶化,2.8,0.4,6.2,0.748,147
1062,最好,6.8,0.4,6.2,0.748,466
1066,棘手,3.4,0.49,6.2,0.748,41
1067,欺,3.2,0.98,6.2,0.748,17
1097,痛,3,0.632,6.2,0.98,281
1101,发抖,3.4,0.49,6.2,0.98,41
1106,发愁,3,0.632,6.2,1.327,7
1118,虚荣,3,0.632,6.2,1.327,21
1122,费力,3.4,0.49,6.2,0.98,37
1142,伤心,3,0.632,6.2,1.166,134
1156,嫉,3,0.632,6.2,1.166,5
1167,爱慕,6.8,0.98,6.2,1.6,14
1173,愧,3.4,0.49,6.2,0.748,0
1178,损人,3,0.894,6.2,0.748,0
1195,毁损,2.8,0.4,6.2,1.72,17
1206,烦人,3.4,0.49,6.2,0.98,8
1208,烦忙,3.2,0.4,6.2,1.72,0
1211,烦恼,3,0.632,6.2,1.166,119
1260,顽强,5,1.095,6.2,0.748,14
1293,疑惧,3.8,0.748,6.2,1.166,9
1322,鄙,2.8,0.4,6.2,1.166,0
1327,铭印,5.8,0.748,6.2,0.98,0
1340,堕落,2.4,0.8,6.2,2.4,44
1357,忧虑,2.8,0.4,6.2,1.166,36
1363,挚爱,7.8,0.748,6.2,1.72,5
1417,调戏,3.6,0.49,6.2,0.748,0
1421,辉煌,7,0.632,6.2,0.748,78
1432,魄力,7,0,6.2,0.748,32
1473,亲密,7.6,0.49,6.2,1.327,90
1487,错乱,3,0.894,6.2,1.166,9
1493,优良,7.6,1.02,6.2,1.6,154
1497,优惠,6.8,0.748,6.2,1.72,125
1511,滥情,3,0.632,6.2,1.166,14
1515,瞧不起,3.2,0.748,6.2,1.6,21
1558,惩罚,3.4,0.49,6.2,0.98,54
1585,触景伤情,2.8,0.4,6.2,0.98,0
1587,赢钱,6.6,0.8,6.2,2.135,8
1593,缠身,3.6,0.49,6.2,1.166,9
1608,欢声,7.2,0.748,6.2,0.98,4
1809,革命,5,0,6.2,0.75,422
2149,义不容辞,6.2,0.75,6.2,0.75,6
2167,奋勇,6.4,0.49,6.2,1.72,21
2302,强制,4.2,0.75,6.2,0.75,52
2444,扑灭,3.8,1.17,6.2,0.75,20
2452,动乱,3.2,0.4,6.2,0.75,48
2499,吸毒,2.8,0.4,6.2,0.75,84
2503,致死,2.2,0.4,6.2,1.17,26
2574,肆虐,3.2,0.4,6.2,1.17,26
2597,闯入,3.2,0.4,6.2,0.98,34
2598,突发,4,0.89,6.2,0.98,44
2607,进攻,4.2,1.17,6.2,0.98,58
2617,极度,4.2,0.75,6.2,1.47,74
2635,撞击,3.6,0.49,6.2,0.98,40
2641,抵抗,3.4,0.8,6.2,1.17,70
2659,暴徒,2.4,0.49,6.2,0.98,8
2692,压倒性,5.2,0.75,6.2,1.6,10
2735,质问,3.6,1.36,6.2,1.17,46
2753,较劲,4.4,1.02,6.2,1.17,32
2791,背信,3.2,0.75,6.2,0.75,8
2831,剥削,2.8,1.122,6.2,1.327,53
2877,夸张,4.5,0.775,6.2,0.678,92
2888,扼杀,3.1,1.114,6.2,1.208,31
2977,喝彩,6.7,1.077,6.2,1.208,0
3023,一见钟情,6.4,0.97,6.2,0.748,10
3122,恶质,2.7,0.6,6.2,0.4,12
3150,不值,3.6,0.735,6.2,1.122,19
3233,互爱,7,0.894,6.2,0.98,0
3279,深谋远虑,7.3,0.6,6.2,1.364,0
3307,暴风,3.5,0.632,6.2,1.965,0
3315,藐视,3,0.632,6.2,1.806,0
3338,冲动,4,0.837,6.2,1.965,99
3484,你侬我侬,6.8,0.678,6.2,1.077,0
3490,肝胆相照,6.5,0.447,6.2,1.47,0
3553,排山倒海,3.7,1.204,6.2,1.095,14
3583,超弱,2.2,0.57,6.2,1.095,0
3593,进退两难,4.1,0.894,6.2,0.908,7
3601,愚昧,2.9,0.894,6.2,0.908,23
3610,肆无忌惮,3.2,0.758,6.2,1.483,10
3656,犀利,7.2,0.837,6.2,1.151,22
3659,绝佳,8.2,0.837,6.2,1.304,37
3666,顺畅,7.4,0.894,6.2,1.304,38
3753,超现实,4.3,0.975,6.2,1.351,18
3777,畅销,7.8,1.037,6.2,1.351,60
3788,紧锣密鼓,5.7,0.671,6.2,1.351,10
3819,鸡婆,3,1.061,6.2,0.908,0
3847,鹤立鸡群,8.2,1.304,6.2,1.304,4
3886,颇佳,7.1,0.894,6.2,1.525,14
3906,不可小觑,6.7,0.975,6.2,1.304,0
3940,精进,7,0.707,6.2,0.837,53
3974,独享,6.2,0.908,6.2,1.643,7
3982,赢过,7.3,0.447,6.2,0.447,0
4024,退税,5.9,1.025,6.2,1.643,8
4076,抽筋,4,1.225,6.2,1.304,9
4201,吃力,3.1,0.742,6.2,1.351,52
4366,困恼,2.8,0.837,6.2,0.758,0
4505,内讧,3.1,1.025,6.2,1.483,6
4511,猛吃,4.5,0.5,6.2,1.483,4
4644,瞎眼,1.6,0.894,6.2,1.304,0
4671,好斗,3.4,1.14,6.2,1.643,0
4672,带衰,1.6,0.894,6.2,1.643,0
4723,烙印,3.3,1.304,6.2,1.643,12
4779,玷污,2.5,1.173,6.2,1.44,0
4784,毒杀,2.2,1.151,6.2,1.204,0
4836,乱砍,3,1.458,6.2,1.351,0
4838,以牙还牙,3.1,1.517,6.2,1.891,0
4852,泄恨,3.2,0.908,6.2,2.019,0
4905,不可理喻,3.3,1.396,6.2,1.44,10
4953,耻笑,3.3,0.975,6.2,1.789,9
5148,烂爆,1.9,0.742,6.2,1.304,0
5188,撕碎,3.6,1.14,6.2,0.758,0
5243,结仇,3.1,0.224,6.2,1.823,0
5452,明亮动人,7.3,0.57,6.2,1.204,0
2815,垮台,2.7,1.077,6.3,1.833,9
2914,不甘示弱,5.3,0.748,6.3,1.4,32
3082,搜捕,4.2,0.748,6.3,0.6,0
3116,恶作剧,3.5,0.447,6.3,1.166,10
3173,忏悔,4.3,1.077,6.3,1.661,16
3249,希冀,6.3,0.748,6.3,1.249,0
3251,痴情,6.8,0.748,6.3,0.98,0
3274,侠义,7.2,0.51,6.3,0.678,0
3289,魔鬼,2,0.707,6.3,1.887,34
3363,斥责,2.6,0.374,6.3,1.03,22
3465,雄辩,5.4,1.393,6.3,1.327,0
3554,一举数得,7.4,1.084,6.3,1.304,8
3584,华而不实,2.9,0.894,6.3,1.151,0
3670,慌乱,3.1,0.894,6.3,1.304,25
3822,超群,7.5,1.118,6.3,0.671,9
3852,枉费,3,1,6.3,1.483,6
3960,心疼,2.8,1.304,6.3,1.095,49
4017,干净,7.3,0.837,6.3,1.204,202
4018,干干净净,7.3,0.837,6.3,1.204,43
4200,牛刀小试,7.1,0.894,6.3,1.396,0
4312,出头,6,0.866,6.3,1.151,18
4359,耳目一新,6.7,0.908,6.3,1.565,15
4407,叱责,2.6,0.374,6.3,1.03,0
4462,斥骂,2.6,0.374,6.3,1.03,0
4463,叱骂,2.6,0.374,6.3,1.03,0
4774,焦燥,3.5,0.354,6.3,0.837,0
4775,焦躁,3.5,0.354,6.3,0.837,16
4813,穷凶极恶,2.5,0.866,6.3,1.718,0
4856,惨死,2.8,1.037,6.3,2.019,9
4914,吓出冷汗,4.1,0.652,6.3,2.11,0
4915,吓出一身冷汗,4.1,0.652,6.3,2.11,0
5153,糟透,1.8,0.274,6.3,2.168,0
5154,糟透了,1.8,0.274,6.3,2.168,0
5165,亡命,2.2,1.304,6.3,1.718,5
5248,欠扁,3.4,0.894,6.3,0.671,0
5292,输光,2.8,1.304,6.3,1.483,0
5328,凌辱,2.1,0.224,6.3,1.396,4
5493,暗变亮,6.6,0.822,6.3,1.255,0
3,不甘,3.2,0.4,6.4,0.8,31
25,不满,3.2,0.748,6.4,0.8,349
61,失去,3.2,0.4,6.4,1.356,563
102,关怀,6.8,0.4,6.4,1.2,341
127,坏蛋,3,0.632,6.4,1.356,12
129,白痴,2.4,0.8,6.4,1.625,20
136,反驳,3.8,0.4,6.4,0.49,46
169,责备,3.4,0.49,6.4,0.8,33
190,庆祝,7,0,6.4,1.2,232
200,亲爱的,7.2,0.4,6.4,1.356,25
208,宝贝,7.4,0.8,6.4,1.02,80
211,欢迎,7.2,0.4,6.4,0.8,871
215,恋爱,7.6,0.8,6.4,1.625,90
222,了不起,7,1.095,6.4,0.8,127
247,元凶,2.2,0.748,6.4,1.96,0
252,分手,2.8,1.166,6.4,1.855,99
257,勾引,3.8,0.4,6.4,0.8,5
261,反叛,2.8,0.98,6.4,2.154,24
270,引人注目,5.8,0.98,6.4,0.49,33
271,引诱,3.8,0.748,6.4,1.02,43
277,心爱,7.2,0.98,6.4,1.497,44
296,可悲,2.6,0.49,6.4,1.02,21
355,好笑,6.2,0.748,6.4,0.8,86
387,死当,3,1.095,6.4,1.497,0
417,作弊,2,1.095,6.4,1.497,47
435,壮丽,7,0.632,6.4,1.744,42
443,完美,7.6,0.8,6.4,1.744,171
452,弄痛,3,1.265,6.4,1.497,0
457,快乐,7.2,0.4,6.4,0.8,942
469,攻势,5.2,0.4,6.4,1.2,77
492,使劲,4.6,1.356,6.4,0.8,22
509,受骗,3,0.632,6.4,1.02,43
538,怕,3.2,0.748,6.4,0.8,927
570,欣欣,6.4,0.8,6.4,1.356,5
602,保卫,5.8,0.4,6.4,0.49,41
671,活泼,6.8,0.4,6.4,0.8,260
692,美满,7.4,0.49,6.4,1.744,51
715,风险,3.8,0.748,6.4,1.2,197
720,倔强,4.2,1.166,6.4,0.8,17
729,哽咽,3,0.894,6.4,1.02,11
780,疼爱,7,0.894,6.4,1.2,27
791,神经病,2.8,0.748,6.4,1.02,17
848,偷取,2.4,0.8,6.4,1.02,4
856,坚定,6.2,0.98,6.4,1.497,108
862,崇高,7.2,0.748,6.4,1.497,46
864,强力,6.2,0.748,6.4,1.356,80
869,强健,6.6,0.49,6.4,1.2,24
892,救,5,1.414,6.4,0.49,224
904,深爱,8,0.894,6.4,2.245,0
906,混乱,3,0.632,6.4,0.8,173
1022,寻欢作乐,4.2,0.748,6.4,1.2,0
1035,悲剧,2.2,0.748,6.4,0.8,121
1046,恶性,2.8,0.4,6.4,0.8,94
1056,惶,3.4,0.49,6.4,1.02,0
1063,最佳,7.2,0.4,6.4,1.02,465
1079,无畏,6.6,0.8,6.4,1.02,8
1094,焦虑,3.2,0.748,6.4,0.8,128
1179,损害,2.8,0.748,6.4,0.8,47
1183,敬畏,6.8,0.98,6.4,1.02,14
1192,毁败,2.8,0.4,6.4,1.356,0
1194,毁伤,2.6,0.49,6.4,1.356,4
1228,罪过,2.6,0.49,6.4,0.8,9
1248,遇难,2,0.894,6.4,2.577,9
1259,顽固,3.2,0.4,6.4,0.8,23
1329,鼻酸,3.4,0.49,6.4,0.8,7
1348,庆生,6.4,1.02,6.4,1.497,8
1368,敌意,3.4,0.49,6.4,0.8,23
1387,毅然,5.8,0.748,6.4,0.8,35
1389,热切,6.2,0.748,6.4,0.49,28
1391,热衷,6.4,0.8,6.4,1.2,37
1392,热情,6.6,1.02,6.4,1.2,138
1434,懊悔,3.4,0.49,6.4,0.49,12
1452,机警,7,0.632,6.4,0.8,13
1512,灿烂,6.6,1.02,6.4,1.356,75
1527,艰辛,3,0.894,6.4,0.49,51
1529,艰深,3.4,0.8,6.4,1.02,8
1568,难堪,3,0.632,6.4,1.02,41
1582,耀眼,6.6,1.02,6.4,1.02,64
1611,骄傲,4.8,1.6,6.4,1.02,114
2172,激昂,6,0.63,6.4,1.5,23
2264,指控,3.2,0.98,6.4,1.2,48
2433,占领,3.4,1.02,6.4,1.02,55
2480,勒索,3,0,6.4,1.02,85
2489,危及,3,0,6.4,0.8,32
2523,猖獗,3,0.63,6.4,1.02,27
2554,行贿,2.8,0.4,6.4,1.02,5
2585,暴行,3,0,6.4,0.8,11
2608,被害,2.4,0.8,6.4,1.2,9
2646,毁灭性,3.2,0.98,6.4,1.74,6
2737,危急,3,0.63,6.4,0.8,17
2746,煽动,3.4,0.49,6.4,0.8,16
2796,惨案,2,0,6.4,1.02,5
2804,错失,3.5,0.632,6.4,0.8,35
2863,围殴,2.8,0.4,6.4,1.02,0
2924,着火,3.3,0.748,6.4,2.083,8
3137,玩弄,3.4,0.49,6.4,0.583,26
3205,器重,6.8,0.748,6.4,0.49,0
3213,气派,6.7,0.748,6.4,0.97,8
3280,自得其乐,6.8,0.748,6.4,1.158,16
3520,一吐为快,5.7,0.678,6.4,0.583,0
3560,累赘,2.7,0.837,6.4,1.342,11
3562,莫名其妙,2.9,2.247,6.4,0.962,53
3669,傲人,7,0.707,6.4,1.517,15
3726,赫赫有名,7.7,1.304,6.4,1.342,5
3731,热死,2.1,0.894,6.4,1.517,0
3882,离谱,1.9,0.742,6.4,1.194,27
3899,晒伤,3.2,0.908,6.4,1.517,6
3928,超难,2.9,0.894,6.4,1.14,0
3933,奢求,4.1,1.245,6.4,0.652,5
3935,痛感,2.8,0.758,6.4,0.418,0
3963,佩服,7.6,0.962,6.4,0.894,86
4000,失窃,1.6,0.548,6.4,1.342,15
4128,千变万化,5.9,0.742,6.4,1.14,24
4234,中意 ,7.5,0.5,6.4,1.387,8
4371,更胜一筹,7.3,0.975,6.4,1.294,0
4384,并驾齐驱,7.9,1.14,6.4,1.387,11
4444,热切于,6.2,0.748,6.4,0.49,0
4681,滥打,3,1.225,6.4,1.517,0
4930,老娘,4.3,0.975,6.4,1.949,8
4958,乱骂,3,1.225,6.4,2.191,0
4990,滚回去,2.7,1.095,6.4,2.191,0
5004,挨打,2.9,0.742,6.4,2.191,13
5204,闹革命,3.7,0.975,6.4,2.074,4
2860,砍伤,2.9,0.49,6.5,1.414,0
2911,掠夺,2.7,0.6,6.5,0.775,20
2926,急切,4.9,0.2,6.5,0.894,46
3063,粉碎,3.9,1.744,6.5,1,23
3114,欺负,3.3,0.4,6.5,0.775,70
3152,论战,3.6,1.2,6.5,1,15
3258,有说有笑,6.8,1.435,6.5,0.894,10
3302,破碎,2.9,0.8,6.5,2.324,35
3312,残废,1.8,0.51,6.5,1.949,13
3377,发泄,3.8,1.691,6.5,0.632,55
3378,战败,2.4,0.86,6.5,2,23
3588,无往不利,7,1,6.5,1.225,7
3710,逊,2.2,1.304,6.5,1.414,10
3831,优异,8.6,0.548,6.5,1,109
3932,无法自拔,3.9,1.194,6.5,1.5,0
3965,看重,6.5,0.5,6.5,1,30
4041,刺鼻,2.3,1.204,6.5,1.225,10
4050,相见恨晚,6.3,0.671,6.5,1.414,4
4193,成瘾,2,0.707,6.5,1.414,14
4210,高不可攀,2.9,1.025,6.5,1,0
4270,顶尖 ,8.6,0.418,6.5,0.935,62
4354,汗流浃背,4.7,0.447,6.5,1.118,13
4426,欺侮,3.3,0.4,6.5,0.775,19
4630,骂人,2.8,0.837,6.5,0.707,23
4744,骂脏话,2.7,0.57,6.5,1.414,0
4834,炮轰,3.2,0.57,6.5,0.866,4
4839,惊呼,5.2,0.57,6.5,1.768,14
4881,狂乱,3.5,1.061,6.5,2.291,4
4884,愤愤不平,4,0.5,6.5,1.696,7
4940,暴戾,2.2,0.837,6.5,2.345,10
4951,扯碎,2.9,1.14,6.5,2.345,0
5185,趁火打劫,2.5,0.866,6.5,2.179,5
5210,恼火,3.1,0.742,6.5,1.414,7
5255,勒死,1.7,0.447,6.5,1.5,0
5287,猛推,4.6,0.548,6.5,1.581,0
5329,含恨,2.2,0.57,6.5,1.658,0
5360,丧亲,1.9,1.245,6.5,1.871,0
5482,晶莹剔透,7.8,0.908,6.5,1.225,19
11,不服,3.4,0.49,6.6,0.49,42
34,哇,6,0.894,6.6,0.49,174
63,打,3.2,0.748,6.6,0.8,1448
65,成功,8.2,0.748,6.6,0.49,0
75,讨厌,2.6,0.49,6.6,0.49,148
93,担心,3.4,0.49,6.6,0.8,609
151,抱怨,2.8,0.4,6.6,0.49,190
152,拒绝,3,0.632,6.6,1.02,329
155,争吵,3.4,0.49,6.6,1.02,43
156,争论,3.8,0.748,6.6,0.8,31
167,情人,6.8,0.98,6.6,0.49,79
185,嘲笑,2.6,0.8,6.6,0.49,28
203,钟爱,7,0.632,6.6,1.497,18
217,赞扬,7.6,0.49,6.6,1.855,19
260,反抗,3.6,0.8,6.6,0.8,100
273,心神不定,3.2,0.4,6.6,0.8,0
295,可笑,3,0.632,6.6,0.8,39
316,打倒,3.4,0.49,6.6,1.02,33
318,打情骂俏,4.6,0.49,6.6,0.8,0
347,危,3.2,0.98,6.6,1.02,27
348,吃醋,3.6,0.49,6.6,0.8,0
357,好棒,7.2,1.166,6.6,1.356,25
386,死期,2.8,1.166,6.6,1.625,0
393,自大,3,0.632,6.6,1.497,31
471,决心,6.4,0.49,6.6,1.02,148
489,邪恶,2.4,0.8,6.6,1.356,29
496,刺痛,2.8,0.98,6.6,1.497,9
499,刻薄,2.8,0.748,6.6,1.02,10
543,性骚扰,2.6,0.49,6.6,1.497,27
551,抵制,3.2,0.748,6.6,0.8,45
566,易怒,3.2,0.98,6.6,1.02,0
582,玩乐,6.2,1.327,6.6,0.49,26
593,侵占,2.6,0.49,6.6,1.855,26
613,勇敢,7.4,0.8,6.6,0.49,111
621,哀痛,2.4,0.49,6.6,1.356,4
655,拯救,6.4,0.8,6.6,1.02,47
698,苛求,3,0.632,6.6,1.02,13
703,英勇,7,0.632,6.6,0.8,34
724,剥夺,3,0.894,6.6,1.02,39
725,哭泣,2.8,0.748,6.6,0.8,38
798,纷争,3,0.632,6.6,1.02,53
839,高兴,7,0.632,6.6,1.02,668
841,伟大,7.2,0.748,6.6,1.356,259
852,动听,7,0.632,6.6,1.2,22
873,得意洋洋,4.6,0.8,6.6,1.02,7
966,贪婪,2.8,0.748,6.6,1.497,33
1002,喜庆,7.4,0.49,6.6,1.2,9
1005,丧生,1.8,0.748,6.6,1.356,20
1045,恶言,2.6,0.49,6.6,0.49,6
1050,恶臭,2.8,0.748,6.6,1.2,21
1055,恼,3.2,0.748,6.6,0.8,4
1120,诉苦,3.2,0.98,6.6,0.8,25
1126,开心,7.2,0.748,6.6,1.02,152
1143,伤害,2.8,0.4,6.6,1.02,265
1148,伤痛,3,0.632,6.6,1.02,31
1190,极乐,6.8,1.166,6.6,0.8,0
1191,毁掉,2.8,0.4,6.6,1.02,14
1193,毁弃,2.8,0.4,6.6,1.625,9
1254,违法,2.4,1.02,6.6,1.2,138
1262,厌世,2.2,0.4,6.6,1.855,8
1367,敌视,3,0.632,6.6,0.49,7
1395,热闹,6.4,1.02,6.6,0.49,275
1413,蔑视,2.6,0.8,6.6,1.2,14
1461,积极,6.6,1.02,6.6,0.8,919
1492,优秀,7.6,0.49,6.6,1.356,237
1508,击,4.8,0.4,6.6,1.497,35
1526,艰困,3.2,0.748,6.6,0.8,18
1528,艰苦,3,0.632,6.6,0.49,69
1581,竞争,5,1.095,6.6,1.356,631
1588,骚动,4,0.632,6.6,1.02,45
1592,牺牲,3.6,0.8,6.6,0.49,257
1595,缠绵,6.8,0.748,6.6,1.02,12
1601,欢心,7.2,0.748,6.6,0.49,13
1613,搅乱,3,0.894,6.6,1.02,8
2428,袭击,2.6,0.8,6.6,0.8,32
2454,愤怒,2.6,0.49,6.6,1.02,112
2565,抢夺,3,0.63,6.6,1.02,21
2628,严惩,2.8,0.75,6.6,1.02,8
2632,恫吓,3,0,6.6,1.02,7
2658,轰动,4.8,0.98,6.6,1.36,37
2699,痛心,2.8,0.4,6.6,1.02,48
2773,炸毁,3,0.63,6.6,1.02,12
2978,奋不顾身,6.3,0.98,6.6,1.855,0
3080,解雇,2.4,1.02,6.6,1.02,12
3089,灭绝,2.2,0.748,6.6,1.241,22
3141,责怪,3.5,0.447,6.6,0.8,41
3176,至高,7,1.049,6.6,1.2,0
3211,引以为荣,7.2,0.748,6.6,1.319,0
3226,夸耀,5.6,1.594,6.6,0.97,17
3237,热热闹闹,6.6,0.86,6.6,0.374,10
3537,一往情深,6.7,0.51,6.6,0.86,0
3629,恶名昭彰,1.2,0.447,6.6,1.14,5
3648,脱颖而出,7.3,0.837,6.6,1.636,43
3685,鼓噪,3.6,0.548,6.6,1.673,0
3708,惨不忍睹,1.8,0.908,6.6,1.14,16
3747,吓人,2.3,0.908,6.6,1.387,24
3772,闻之色变,3,1,6.6,1.14,0
3810,醒目,6.3,0.447,6.6,1.194,30
3851,体无完肤,2,1.225,6.6,1.673,0
3983,欢度,7.5,0.866,6.6,1.084,12
4079,浮夸,4,0.707,6.6,1.14,7
4086,神奇,6.2,1.037,6.6,1.387,100
4306,手痒,4.2,1.525,6.6,0.962,4
4341,回天乏术,1.6,0.822,6.6,0.822,6
4467,埋怨,2.8,0.4,6.6,0.49,42
4502,出气,3.5,0.707,6.6,0.548,9
4570,互撞,3.6,1.14,6.6,1.14,0
4676,亏空,1.8,1.304,6.6,1.517,10
4715,鬼子,1.9,1.245,6.6,1.817,6
4857,闹翻,3.1,1.194,6.6,1.981,7
4902,胡闹,3.5,0.935,6.6,1.14,15
4913,愤恨,3.1,1.245,6.6,1.294,6
4921,动怒,3.3,0.975,6.6,0.822,0
4949,嗜杀,1.9,1.025,6.6,2.51,0
4993,滥挖,2.6,1.14,6.6,2.074,0
4994,滥砍,2.6,1.14,6.6,2.074,0
5111,扭打,2.8,0.908,6.6,2.302,6
5485,呛鼻,2.5,1.061,6.6,1.342,0
3124,霸占,3.1,1.114,6.7,0.748,8
3151,耻辱,3.2,0.748,6.7,0.872,14
3203,勇猛,7,0.837,6.7,0.4,9
3209,情深,6.7,0.748,6.7,1.4,0
3245,兴冲冲,6.5,1,6.7,0.748,14
3491,甜甜蜜蜜,7.1,0.374,6.7,0.6,0
3611,肿起来,3.3,0.975,6.7,1.304,4
3735,卖力,6.3,0.975,6.7,1.304,36
3884,超越,6.5,0.707,6.7,0.671,297
3895,丰收,7.2,1.151,6.7,1.204,50
3930,变臭,2.1,0.894,6.7,1.565,0
4040,走投无路,1.2,0.447,6.7,1.396,13
4245,划算 ,7.3,0.274,6.7,1.204,31
4282,前所未有 ,6.4,1.194,6.7,0.975,52
4283,前所未见 ,6.4,1.194,6.7,0.975,10
4295,不合,3,0.707,6.7,0.908,36
4493,耍脾气,3.8,0.837,6.7,1.095,0
4847,草菅人命,2.6,0.962,6.7,1.681,0
5242,狂野,5.6,1.342,6.7,1.396,10
5273,善罢干休,4,0.791,6.7,0.447,0
35,哎呀,4.8,0.4,6.8,0.4,103
42,无理,2.6,1.02,6.8,1.166,22
47,过分,2.8,0.748,6.8,0.4,49
128,烂货,2.2,0.748,6.8,1.72,0
144,忌妒,3,0.632,6.8,0.98,8
163,指责,3.4,0.49,6.8,0.4,126
176,爱人,7.2,0.4,6.8,1.166,34
177,爱恋,7.6,0.8,6.8,0.4,11
196,调情,5.4,1.356,6.8,0.748,6
218,赞誉,7.6,0.49,6.8,1.72,11
226,下定决心,6.2,0.748,6.8,1.6,30
229,大笑,6.4,1.02,6.8,0.4,97
236,不贞,2.8,0.98,6.8,1.327,0
274,心神不宁,3.2,0.4,6.8,0.748,10
280,心酸,2.8,0.748,6.8,1.47,16
293,可怕,3.4,0.49,6.8,0.4,201
320,打击,4.2,0.748,6.8,1.327,137
323,末日,1.8,0.748,6.8,2.227,12
327,生气勃勃,7,0,6.8,1.6,4
336,丢人现眼,2.4,0.8,6.8,0.98,0
381,死亡,2.2,0.748,6.8,1.47,397
406,至高无上,7.6,1.2,6.8,1.47,12
436,壮观,7,0.632,6.8,1.327,96
455,忐忑,3.8,0.748,6.8,0.748,5
460,批判,2.6,0.49,6.8,0.4,127
508,受罪,2.8,0.4,6.8,0.4,8
558,放纵,2.8,0.748,6.8,1.166,34
575,歧视,2.8,0.4,6.8,0.748,137
596,侵扰,3,0,6.8,0.4,11
604,保护,6.8,0.98,6.8,0.4,893
612,勇气,7.6,0.8,6.8,0.98,223
660,挑战,6.2,0.748,6.8,0.4,300
661,挑衅,3.2,0.4,6.8,0.4,22
727,哭诉,2.8,0.748,6.8,0.4,12
738,差劲,3.4,0.8,6.8,0.748,13
742,恐怖,3,0.632,6.8,0.4,127
745,恐惧,2.6,0.8,6.8,0.748,149
756,挫败,3,0.632,6.8,1.166,23
788,破坏,2.8,0.748,6.8,0.98,517
803,缺德,2.8,0.748,6.8,1.166,7
814,荒唐,2.8,0.748,6.8,0.4,31
853,啜泣,3,0.632,6.8,0.748,9
861,崇拜,6.4,0.8,6.8,0.748,206
912,爽快,7.4,0.49,6.8,0.748,14
934,窒碍,2.6,0.49,6.8,0.748,9
940,粗野,3,0.894,6.8,0.98,7
973,野蛮,3,0.632,6.8,0.98,18
990,喜上眉稍,7.4,0.49,6.8,0.98,0
992,喜形于色,7.4,0.49,6.8,0.748,4
1030,悲痛,2.6,0.8,6.8,0.98,29
1044,恶劣,2.6,0.8,6.8,1.166,81
1052,恶意,2.8,0.4,6.8,0.748,19
1054,恶梦,3,0.632,6.8,0.748,40
1072,渴求,5,0,6.8,0.98,21
1099,痛苦,2.4,0.49,6.8,0.748,369
1109,绝妙,6.8,0.4,6.8,0.4,4
1139,伤人,3.2,0.748,6.8,1.166,22
1177,慌,3.2,0.748,6.8,0.4,26
1180,损伤,2.8,0.748,6.8,0.4,30
1213,烦愁,2.8,0.4,6.8,0.4,0
1239,诧异,4.2,0.4,6.8,1.166,15
1253,违抗,2.8,0.748,6.8,0.4,6
1261,鼓舞,6.6,0.49,6.8,0.4,64
1314,豪爽,7.2,0.4,6.8,0.98,22
1319,轻蔑,2.6,0.8,6.8,1.47,13
1339,恶心,2.2,0.4,6.8,0.748,48
1359,憎,2.2,1.166,6.8,1.327,0
1383,乐极生悲,2.8,0.4,6.8,0.98,0
1414,冲突,3.4,0.49,6.8,0.4,380
1436,战火,3,0.894,6.8,1.47,84
1457,激励,7.2,0.4,6.8,0.4,95
1474,讽刺,3,0,6.8,0.4,71
1477,踊跃,6.8,0.4,6.8,0.4,132
1496,优胜,7.6,0.49,6.8,0.98,25
1501,吓,3.6,0.49,6.8,0.748,146
1502,压力,2.6,0.49,6.8,0.98,944
1509,击败,6,1.414,6.8,1.166,90
1563,痴迷,3.8,0.98,6.8,1.72,0
1577,严格,3.8,1.6,6.8,1.166,299
1604,欢笑,7.4,1.02,6.8,0.4,33
1605,欢喜,7.4,0.8,6.8,0.4,107
1606,欢愉,6.6,1.497,6.8,0.98,24
1607,欢乐,7.2,0.748,6.8,0.98,141
1609,欢欢喜喜,8,0.632,6.8,1.327,9
1610,颤抖,3.2,0.748,6.8,1.166,32
1636,惊扰,3.4,0.49,6.8,0.4,7
1651,赞赏,7.8,0.748,6.8,1.166,51
2269,激烈,4.4,0.8,6.8,0.98,306
2297,台独,5.6,1.96,6.8,1.47,72
2432,暴动,2.6,0.49,6.8,0.98,12
2449,激进,3.6,0.8,6.8,0.98,37
2453,殴打,2.6,0.49,6.8,0.75,43
2491,暴乱,2.4,0.49,6.8,0.98,5
2552,崩溃,2.8,0.75,6.8,1.17,64
2795,杀人罪,1.8,0.75,6.8,0.98,0
3072,刁难,3,0.837,6.8,0.927,20
3275,漂漂亮亮,7,0.894,6.8,0.748,12
3324,凌虐,1.9,0.583,6.8,2.462,0
3416,无敌,8.1,0.49,6.8,1.435,0
3467,奋进,7.4,0.663,6.8,1.166,0
3535,惶恐,3.3,0.6,6.8,0.4,26
3558,够格,7.4,1.14,6.8,1.304,6
3574,盛大,7.5,1.061,6.8,1.304,50
3575,脱胎换骨,8.2,1.095,6.8,0.837,29
3594,乱七八糟,3.1,0.962,6.8,0.837,30
3646,得宠,7.7,0.447,6.8,1.151,5
3706,鼎鼎大名,7.8,0.837,6.8,1.351,6
3720,哗然,3.1,1.342,6.8,1.304,0
3740,糗爆,2,1.061,6.8,1.304,0
3805,骇人听闻,2.3,0.975,6.8,1.151,13
3836,啰唆,3.2,1.304,6.8,1.643,7
3837,啰嗦,3.2,1.304,6.8,1.643,10
3838,啰啰唆唆,3.2,1.304,6.8,1.643,0
3839,啰啰嗦嗦,3.2,1.304,6.8,1.643,0
3853,风靡,6.1,1.025,6.8,1.095,23
3996,出血,2.4,1.14,6.8,1.483,61
4001,三生有幸,6.4,1.14,6.8,1.304,0
4064,支离破碎,1.6,0.894,6.8,0.837,14
4098,名列前茅,7.4,0.894,6.8,1.095,22
4121,笑容可掬,8.4,0.894,6.8,1.255,6
4184,一枝独秀,7.7,1.095,6.8,1.037,13
4187,小题大做,2.5,0.5,6.8,1.037,0
4202,失准,2.9,0.894,6.8,0.837,10
4273,抢手 ,8.1,0.652,6.8,1.151,14
4296,不妙,3.2,0.671,6.8,1.525,14
4324,正点,7,1,6.8,1.483,7
4343,好听,7.3,1.151,6.8,0.57,88
4408,可怖,3.4,0.49,6.8,0.4,7
4432,无理性,2.6,1.02,6.8,1.166,0
4433,没理性,2.6,1.02,6.8,1.166,0
4488,吓到,3.6,0.49,6.8,0.748,12
4579,心烦,3.3,0.837,6.8,1.304,9
4622,欺凌,1.9,0.742,6.8,1.304,17
4677,冷嘲热讽,2.2,1.304,6.8,1.304,8
4733,上瘾,4.2,0.908,6.8,2.049,23
4980,重打,3.2,1.304,6.8,1.483,0
5058,又气又恼,3.6,0.894,6.8,2.387,0
5075,着急,4.3,0.837,6.8,2.28,70
5117,气昏,2.5,1.118,6.8,1.643,0
5186,动粗,3.3,0.837,6.8,1.304,4
3060,击退,5.5,1.265,6.9,0.663,0
3078,争辩,3.3,0.98,6.9,0.663,33
3105,嚣张,3.3,0.4,6.9,0.917,16
3143,伏击,3.9,1.114,6.9,0.663,0
3262,超凡,7.4,0.86,6.9,1.2,0
3291,梦魇,2.1,0.735,6.9,1.2,33
3294,困难重重,2.1,0.735,6.9,0.49,10
3408,不亦乐乎,7.1,0.663,6.9,0.583,17
3437,自信满满,7.9,0.8,6.9,0.663,0
3442,自告奋勇,6.6,0.374,6.9,1.2,18
3485,引吭高歌,6.4,1.2,6.9,0.735,0
3612,腰酸背痛,3,0.612,6.9,1.517,0
3692,爽玩,7.6,1.14,6.9,1.673,0
3796,颇负盛名,7.3,0.758,6.9,1.245,0
3820,离奇,4.9,1.432,6.9,1.245,10
4042,受创,2.3,1.204,6.9,1.432,4
4169,恍然大悟,7.1,0.894,6.9,0.742,32
4179,洋洋得意,6.4,0.822,6.9,0.894,0
4246,特惠 ,7.5,0.354,6.9,1.294,0
4258,首屈一指 ,8.6,0.652,6.9,1.245,14
4259,值回票价 ,8.2,0.57,6.9,1.636,5
4289,十全十美,8.4,0.822,6.9,1.432,13
4334,全力以赴,7.7,1.255,6.9,1.597,39
4349,成名,7.4,1.084,6.9,1.245,43
4390,刺耳,2.6,1.084,6.9,1.245,16
4412,刺耳声,2.6,1.084,6.9,1.245,0
4461,打退,5.5,1.265,6.9,0.663,0
4621,猛踢,3.9,1.14,6.9,1.597,0
4867,尖叫声,4.7,0.447,6.9,1.517,7
4937,战栗,3.1,1.245,6.9,2.302,5
4952,吓一跳,4.7,0.447,6.9,1.245,16
5187,拳打脚踢,3.2,0.758,6.9,1.245,6
5221,毒手,2.3,0.447,6.9,0.224,12
5267,惊惶失措,3.6,0.822,6.9,1.245,0
5281,下毒,2.4,0.652,6.9,0.224,5
5294,大嚷,4.3,0.447,6.9,1.245,0
45,无礼,2.8,0.98,7,1.095,15
103,赢,7.2,0.98,7,1.265,137
104,赢得,7.4,1.02,7,1.265,197
112,怪胎,2.4,0.8,7,1.414,6
113,放屁,2.6,1.02,7,1.673,4
161,冒犯,3.2,0.748,7,0.894,12
165,辱骂,2.4,1.02,7,1.673,7
195,热爱,7.2,0.4,7,0.632,92
332,用力,5,0,7,0,84
380,死人,2.2,0.748,7,1.414,31
405,自暴自弃,2,0.894,7,2.098,17
447,宏伟,7.2,0.98,7,0.632,40
466,折磨,2.4,0.49,7,1.095,27
472,决定,6,1.095,7,0.894,1710
497,刺伤,2.8,1.166,7,1.265,12
571,欣喜,7,0.632,7,0.632,24
657,拷问,2.8,0.748,7,0,0
704,英雄,7.6,0.8,7,1.414,242
743,恐慌,3,0.632,7,0.894,60
752,悔悟,3.2,0.98,7,0.632,0
757,振奋,7.2,0.748,7,0.632,30
764,气愤,2.4,0.49,7,0.632,49
787,破灭,3,0.632,7,1.095,17
795,笑死,5.4,1.96,7,0.894,10
849,偷窃,2.4,0.8,7,1.414,38
870,强硬,4.8,1.166,7,1.265,50
911,爽心,7.2,0.748,7,0.894,0
981,凯旋,7.2,0.4,7,0,16
998,喜从天降,7.4,0.49,7,1.095,0
1003,喝采,7.4,0.49,7,1.095,15
1009,丧尽,2.8,0.748,7,0.632,0
1033,悲惨,2.2,0.4,7,1.095,48
1093,焦急,3,0.632,7,0.632,33
1115,着迷,5.6,1.497,7,0.632,31
1121,诈骗,2.6,0.8,7,1.095,15
1131,隆重,6.6,1.02,7,0.894,30
1189,极端,4.4,0.8,7,1.095,72
1227,罪恶,2.2,0.748,7,0.632,35
1273,对质,3.8,0.748,7,1.095,6
1279,荣耀,7.6,0.49,7,0.894,45
1303,紧张,3.6,1.02,7,0.632,394
1369,敌对,2.8,0.748,7,0.632,28
1426,铤而走险,3,0.894,7,0.632,8
1435,懊恼,3.2,0.748,7,0.894,29
1438,战斗,3,0.894,7,0.894,62
1462,罹难,1.8,0.748,7,1.414,23
1514,获奖,7.8,0.748,7,1.414,34
1547,镇压,3,1.095,7,0.632,53
1575,严重,3.2,0.98,7,0.632,992
1603,欢欣,7.2,0.748,7,0.632,22
1617,惊,4.8,0.4,7,1.095,51
1622,惊怕,3.6,0.49,7,0.632,0
1648,赞佩,7.8,0.4,7,0.632,0
2045,狂欢,6.6,0.49,7,1.1,39
2429,抢劫,2.4,0.49,7,1.1,29
2634,疯狂,4.4,0.8,7,1.67,115
2774,激战,4,0.89,7,1.26,10
2824,施暴,2.6,0.49,7,0.894,18
2832,逼迫,3,1.265,7,1.095,28
3012,大喜,7.4,0.49,7,0.894,14
3070,愤慨,2.8,1.166,7,0.548,19
3182,冲劲,6.8,0.98,7,0.837,14
3234,情不自禁,6.3,0.748,7,0.632,14
3239,畅快,7.1,1.2,7,1.14,12
3261,渴盼,6.3,1.166,7,0.707,0
3509,腾跃,7,0.632,7,0.707,0
3515,神气活现,7.7,0.4,7,0.632,8
3550,崩塌,2.9,0.894,7,1.173,14
3870,迷上,5.1,1.342,7,1.061,16
3897,难能可贵,7.4,1.14,7,1.173,17
3901,变心,2.3,0.837,7,1.275,4
3903,骤变,3.1,1.14,7,1.414,0
4002,中风,1.4,0.548,7,1.871,47
4093,大错特错,2.3,0.975,7,1.414,6
4163,一无是处,1.9,1.025,7,1,8
4180,活灵活现,7.1,0.742,7,1.225,5
4199,天衣无缝,7.8,1.095,7,1,9
4233,有口皆碑 ,7.7,0.447,7,1,0
4272,超酷 ,7.4,0.652,7,0.707,0
4291,大功告成,8,1,7,1.458,13
4427,诈欺,2.6,0.8,7,1.095,22
4428,欺诈,2.6,0.8,7,1.095,0
4486,严重的,3.2,0.98,7,0.632,0
4504,凌迟,2.5,0.791,7,1.414,6
4537,穷途末路,2.5,1,7,1.173,8
4586,要死,2.5,1.5,7,1.225,0
4675,有仇,2.1,1.14,7,1.581,0
4728,找碴,2.4,1.342,7,1.581,0
4729,找麻烦,2.4,1.342,7,1.581,5
4911,撕破脸,2.8,1.255,7,1.225,0
5066,一气之下,4.1,0.548,7,1.581,0
5080,惊慌失措,3.9,0.548,7,2.345,6
5081,仓皇失措,3.9,0.548,7,2.345,0
5166,凶险,2.5,1.225,7,1.414,0
3062,爆破,4.2,1.47,7.1,1.114,9
3133,爆炸物,4,1.095,7.1,0.663,0
3210,意气风发,6.9,0.917,7.1,1.356,8
3432,乐此不疲,7.1,1.625,7.1,0.583,19
3510,满面春风,7.6,0.583,7.1,0.663,0
3589,绚烂夺目,7.2,1.095,7.1,1.194,0
3590,发疯,3.2,1.095,7.1,1.245,15
3665,开怀,6.5,0.5,7.1,0.742,10
3780,精采,8.5,0.707,7.1,1.597,101
3800,数一数二,7.1,1.245,7.1,1.084,13
3865,蝉联,7.8,1.304,7.1,0.894,21
3921,臭死,1.6,0.652,7.1,1.342,0
4033,百发百中,7.6,1.194,7.1,1.517,0
4151,香喷喷,7.2,0.837,7.1,0.894,21
4212,风情万种,7.5,0.866,7.1,1.14,4
4218,大手笔 ,6.1,0.894,7.1,0.742,13
4244,超值 ,8.2,0.57,7.1,0.822,5
4559,惴惴不安,3.1,0.742,7.1,0.894,0
4613,强词夺理,3,0.707,7.1,1.14,0
4619,炮击,2.4,1.14,7.1,1.517,0
4710,乱哄哄,3.9,0.742,7.1,1.517,0
5113,忿怒,2.3,0.671,7.1,1.949,15
5152,狗男女,1.5,0.5,7.1,1.949,0
5226,气冲冲,3.5,0.5,7.1,1.14,8
5266,痛打,3.4,0.418,7.1,1.432,0
1,不可思议,5.4,1.02,7.2,1.327,80
19,不爽,2.8,1.166,7.2,0.4,0
37,耶,7.2,1.166,7.2,1.166,229
62,失败,2.2,1.166,7.2,1.166,323
108,白目,2.2,0.748,7.2,1.166,0
121,贱,2.2,0.98,7.2,1.166,32
131,仇人,2.2,0.4,7.2,0.98,10
183,驳斥,2.8,0.748,7.2,0.4,11
210,谴责,3,0.632,7.2,0.4,47
250,凶,2.8,1.166,7.2,0.98,18
276,心痛,2.6,1.02,7.2,0.98,29
284,火热,6.4,1.2,7.2,1.166,14
294,可耻,2.4,1.02,7.2,0.98,14
297,可恶,2.4,0.8,7.2,1.166,44
300,可憎,2.4,0.8,7.2,1.166,4
342,凶,3.4,0.8,7.2,0.748,58
384,死刑,2.4,1.02,7.2,1.327,37
390,污秽,2.4,1.2,7.2,0.98,15
392,百感交集,3.4,1.02,7.2,0.98,6
465,抗争,3.4,1.2,7.2,0.748,101
549,抨击,2.8,0.748,7.2,0.748,60
594,侵害,2.4,0.49,7.2,0.748,142
637,怒,2.4,1.02,7.2,0.98,68
651,恨,2.4,0.8,7.2,0.98,108
710,重大,4.8,0.4,7.2,0.748,450
711,重担,3.8,0.748,7.2,0.4,29
807,胁迫,2.6,0.49,7.2,0.4,20
815,荒谬,2.6,1.02,7.2,0.748,68
910,爽,7.2,0.748,7.2,0.748,46
949,羞愧,2.8,0.748,7.2,0.748,0
983,胜利,7.8,0.748,7.2,1.166,174
1162,惹恼,3,0.894,7.2,0.4,0
1172,感激,6.8,0.748,7.2,0.748,129
1181,损坏,2.6,0.49,7.2,0.748,53
1182,搏斗,3.2,0.748,7.2,0.748,33
1212,烦乱,3,0.632,7.2,1.166,0
1265,厌恶,2.6,0.49,7.2,0.4,38
1272,对抗,4,0.632,7.2,0.4,137
1277,摧毁,2.8,0.4,7.2,0.4,70
1304,紧绷,3.8,0.748,7.2,0.748,23
1324,酷爱,8,0.894,7.2,2.135,7
1347,庆功,7,1.095,7.2,1.166,0
1415,冲击,3.2,0.748,7.2,0.98,283
1437,战争,3,0.894,7.2,1.166,673
1440,战乱,3,0.894,7.2,0.748,35
1467,兴奋,7.4,0.49,7.2,0.4,233
1505,压迫,2.8,0.748,7.2,1.166,140
1513,获胜,7.8,0.748,7.2,1.327,69
1518,糟蹋,2.4,0.49,7.2,1.72,12
1520,绷紧,4.2,0.748,7.2,0.98,7
1530,艰巨,3.2,1.166,7.2,0.748,21
1532,艰涩,3.2,0.98,7.2,1.327,7
1533,艰难,3.2,0.98,7.2,0.748,69
1544,糟蹋,2.6,0.8,7.2,1.166,0
1571,难熬,2.6,0.49,7.2,0.748,7
1590,惧怕,2.6,0.8,7.2,0.748,29
1602,欢呼,7.2,0.748,7.2,0.748,39
1625,惊异,3.8,0.748,7.2,0.4,25
1626,惊讶,5,0,7.2,1.327,135
1631,惊疑,4,0.632,7.2,0.748,0
1649,赞叹,7.6,0.49,7.2,0.4,28
1650,赞叹,7.6,0.49,7.2,0.4,23
2361,杀害,2,0.63,7.2,0.75,78
2439,杀人,1.8,0.75,7.2,1.33,23
2494,强暴,2,0.89,7.2,1.33,49
2514,屠杀,2.2,0.4,7.2,1.17,31
2669,大屠杀,1.8,0.75,7.2,0.98,23
3016,乐不可支,7.4,0.8,7.2,1.327,0
3174,第一流,8.4,0.8,7.2,1.166,13
3212,无懈可击,7.9,0.663,7.2,1.47,0
3248,奇迹,7.4,1.2,7.2,0.927,23
3447,高高兴兴,7.8,0.51,7.2,0.748,24
3526,心花怒放,7.2,0.678,7.2,0.927,0
3579,发病,2.9,0.894,7.2,1.095,38
3580,病发,2.9,0.894,7.2,1.095,8
3624,强有力,7.3,0.837,7.2,1.351,21
3625,强而有力,7.3,0.837,7.2,1.351,16
3860,耐不住,3.6,1.14,7.2,0.57,0
4186,大吉,8.9,0.224,7.2,1.304,0
4243,物超所值 ,8.4,0.652,7.2,1.304,5
4292,大失所望,2,1,7.2,0.671,9
4348,忙碌,5.3,0.671,7.2,1.304,151
4716,砍头,1.6,0.894,7.2,1.789,4
4967,吵闹,3.5,1,7.2,1.483,29
4968,吵吵闹闹,3.5,1,7.2,1.483,8
5040,恨你,2.7,1.304,7.2,1.483,0
5144,心惊肉跳,3.3,1.204,7.2,1.483,9
5170,深仇大恨,1.6,0.652,7.2,1.643,0
5177,怒气冲冲,3.5,0.707,7.2,1.643,6
3064,暴风雨,3.7,0.98,7.3,1.077,10
3206,痛快,6.4,1.068,7.3,0.6,40
3263,豁然开朗,7,0.548,7.3,0.6,9
3446,兴致勃勃,7.6,0.49,7.3,0.678,21
3551,得不偿失,2.4,0.894,7.3,1.304,21
3655,无与伦比,7.8,1.304,7.3,1.255,7
3797,厉害,7.3,0.671,7.3,1.037,198
3807,激挺,6.5,1.118,7.3,1.304,0
3830,难受,2,1.225,7.3,1.304,33
3948,霸道,3,1.275,7.3,1.565,17
3992,大名鼎鼎,7.8,1.095,7.3,0.837,11
4142,果决,8,0.707,7.3,1.204,4
4174,后悔莫及,2.4,0.894,7.3,0.671,7
4219,卖座 ,7.9,0.822,7.3,0.671,18
4241,拔得头筹 ,7.8,0.57,7.3,1.151,0
4321,失灵,3.3,0.447,7.3,1.396,23
4344,如火如荼,5.9,0.894,7.3,1.483,23
4600,卖国贼,1.7,0.671,7.3,1.204,0
4603,泼妇,2.2,0.837,7.3,1.304,0
4689,婊子,1.4,0.548,7.3,1.396,0
4742,嚎啕大哭,3.5,1.414,7.3,1.681,0
5002,绞死,1.3,0.447,7.3,1.483,0
5184,憎恶,1.7,0.671,7.3,1.483,4
5200,乘胜追击,6.8,1.304,7.3,1.204,6
5227,欢跃,7.3,0.671,7.3,1.483,0
5241,痛恨,2.1,1.025,7.3,1.718,25
5295,闹大,3.8,0.57,7.3,0.975,0
109,白痴,2.2,0.748,7.4,1.02,5
110,呸,2.4,0.8,7.4,1.02,5
111,垃圾,2.2,0.748,7.4,1.02,532
166,斗争,3,0.632,7.4,0.49,156
173,诅咒,2.2,0.98,7.4,1.02,14
186,嘲骂,2.6,0.8,7.4,0.8,0
187,嘲讽,2.6,0.49,7.4,0.8,34
223,人心惶惶,2.6,1.02,7.4,1.02,15
278,心烦意乱,3,0.632,7.4,0.49,4
299,可鄙,2.4,0.8,7.4,0.8,0
333,目瞪口呆,5,0,7.4,1.356,20
340,交战,4,0.632,7.4,0.8,18
389,死对头,2.6,1.356,7.4,1.02,6
416,作呕,2.6,1.02,7.4,1.02,4
470,攻击,3.6,1.02,7.4,1.2,341
502,受不了,3,0.632,7.4,0.8,100
521,咒骂,2.4,0.49,7.4,0.49,16
611,冠军,8,0,7.4,0.49,245
624,哀号,2,0,7.4,0.49,7
631,威胁,3,0.632,7.4,0.49,195
642,怒色,2.8,0.4,7.4,1.02,0
677,狠心,2.4,0.49,7.4,0.49,12
705,虐待,2.2,0.4,7.4,0.8,55
709,迫害,2.2,0.748,7.4,0.49,50
728,哭闹,2.8,0.748,7.4,0.49,14
744,恐吓,2.4,0.8,7.4,0.8,125
751,悔恨,2.8,1.166,7.4,0.49,11
867,强迫,2.8,0.748,7.4,0.8,109
884,挣扎,3.2,1.166,7.4,0.8,136
947,羞耻,2.6,1.02,7.4,0.8,22
959,贫贱,2.4,0.49,7.4,0.49,0
1047,恶毒,2,0.632,7.4,0.49,6
1049,恶耗,2,0.894,7.4,0.49,0
1140,伤亡,2.2,0.4,7.4,1.02,31
1197,毁谤,2.6,0.49,7.4,0.49,17
1233,万念俱灰,1.4,0.49,7.4,1.356,4
1428,震颤,3.2,0.748,7.4,0.8,0
1429,震惊,3.6,1.356,7.4,1.02,66
1439,战胜,7.4,1.02,7.4,1.02,35
1456,激情,5.4,0.49,7.4,0.49,40
1469,褫夺,2.6,0.8,7.4,0.49,4
1471,亲吻,7.2,0.4,7.4,1.356,16
1536,谢天谢地,7.4,0.49,7.4,0.8,7
1579,严厉,3.8,1.166,7.4,0.49,68
1584,触怒,2.8,0.748,7.4,0.49,5
1621,惊奇,6.2,0.748,7.4,0.8,58
1627,惊喜,7.2,0.748,7.4,0.49,55
1628,惊愕,3.6,0.49,7.4,0.49,0
3548,精神百倍,7.5,0.894,7.4,0.735,0
3602,慌张,2.6,0.548,7.4,1.194,22
3667,黄袍加身,7.6,1.194,7.4,1.342,0
3811,吓歪,2.9,1.025,7.4,1.517,0
4019,闪亮,7.6,0.894,7.4,1.342,21
4020,闪闪亮亮,7.6,0.894,7.4,1.342,0
4021,闪闪发光,7.6,0.894,7.4,1.342,20
4022,闪闪发亮,7.6,0.894,7.4,1.342,0
4023,闪耀,7.6,0.548,7.4,1.14,16
4085,特强,8.2,0.837,7.4,0.962,4
4117,相见欢,7.7,0.975,7.4,1.194,0
4122,一扫而空,6.8,1.095,7.4,1.194,7
4156,走火入魔,2.6,0.962,7.4,1.14,16
4208,停电,3.8,0.908,7.4,1.517,34
4387,来势汹汹,5.5,0.5,7.4,0.822,15
4447,慌慌张张,2.6,0.548,7.4,1.194,9
4536,惨烈,3.5,1,7.4,0.894,17
4698,抖颤,3.5,0.866,7.4,1.817,6
4722,闹鬼,2.4,1.342,7.4,1.673,5
5027,狂骂,2.8,0.837,7.4,1.949,0
2846,拼命,5.2,0.98,7.5,1.342,66
3044,夺取,2.4,0.583,7.5,1,13
3056,威吓,2.7,0.872,7.5,1,9
3352,杀戮,1.6,0.583,7.5,1.183,0
3538,战无不胜,7.9,0.8,7.5,0.447,0
3813,翻车,2.2,0.758,7.5,1.414,0
3817,超速,3.2,1.304,7.5,1.5,12
4047,讨人厌,1.4,0.548,7.5,1.225,0
4091,大开眼界,7.8,0.908,7.5,1.173,14
4265,美呆 ,7.7,0.837,7.5,0.935,0
4309,火红,7.4,0.418,7.5,1.414,8
4368,完封,8.2,1.037,7.5,1.225,6
4381,走火,2.6,0.652,7.5,1.225,6
4446,惹人厌,1.4,0.548,7.5,1.225,0
4468,讨人嫌,1.4,0.548,7.5,1.225,0
4469,顾人怨,1.4,0.548,7.5,1.225,0
4470,惹人嫌,1.4,0.548,7.5,1.225,0
4523,不屈服,5.8,1.095,7.5,1.118,0
4955,狂热者,4.7,0.447,7.5,1,0
4956,狂热分子,4.7,0.447,7.5,1,0
4978,暴虐,2,0.707,7.5,1,7
105,下流,2.2,0.748,7.6,1.2,7
114,狗屁,2.4,1.02,7.6,1.02,4
118,妈的,2.2,0.748,7.6,1.02,0
120,该死,2.6,1.02,7.6,1.2,10
133,仇敌,2,0.632,7.6,1.02,0
138,打架,2.6,0.49,7.6,0.49,76
145,批评,3.2,0.748,7.6,0.49,242
158,侮辱,2.4,1.02,7.6,0.8,53
246,仇视,2,0.632,7.6,1.02,0
315,打仗,3,0.894,7.6,0.49,44
430,吻,7.2,0.98,7.6,0.8,34
590,非礼,2.2,0.4,7.6,0.49,7
610,冒险,4.8,0.98,7.6,0.49,77
625,哀恸,1.8,0.4,7.6,0.49,0
639,怒火,2.4,0.49,7.6,0.8,10
656,拷打,2.6,0.8,7.6,0.49,0
658,拼命,5.2,0.98,7.6,0.49,58
672,活跃,6.4,0.8,7.6,0.8,66
696,胡扯,3,0.632,7.6,0.49,8
893,败坏,2.6,1.02,7.6,0.8,22
963,贪污,1.8,0.748,7.6,1.497,0
991,喜出望外,7.8,0.748,7.6,0.49,9
1010,丧胆,2.8,0.748,7.6,1.02,0
1013,报复,2.2,0.748,7.6,1.02,36
1024,复仇,2.2,0.4,7.6,0.49,22
1051,恶斗,2.6,0.49,7.6,0.8,0
1196,毁灭,2.8,0.4,7.6,1.02,56
1217,烦躁,3.2,0.4,7.6,1.2,16
1218,痴狂,4,0.894,7.6,0.49,0
1229,罪孽,2,0.632,7.6,0.49,0
1232,义愤,3.2,1.166,7.6,0.49,0
1234,万岁,7.6,0.8,7.6,0.8,38
1302,精彩,7.6,0.49,7.6,0.49,97
1361,愤,2.6,1.02,7.6,1.02,25
1386,叹为观止,6.6,1.2,7.6,1.02,8
1390,热烈,6.4,0.8,7.6,0.49,252
1394,热泪盈眶,5,0,7.6,0.49,0
1418,贱民,2.2,0.748,7.6,0.8,0
1478,蹂躏,2.2,0.4,7.6,0.49,20
1525,胆战心惊,2.8,0.748,7.6,0.49,6
1535,亵渎,2.4,1.02,7.6,1.02,4
1562,爆发,4.2,0.748,7.6,0.8,220
1576,严峻,3,0.894,7.6,0.49,12
1578,严酷,2.8,1.166,7.6,1.2,14
1618,惊人,4.8,0.4,7.6,0.8,191
1619,惊心,4.6,0.49,7.6,1.02,5
1629,惊慌,3.2,0.748,7.6,0.49,29
1630,惊叹,5.4,1.356,7.6,0.8,25
1632,惊叹,5,1.095,7.6,1.02,10
1633,惊险,4,1.265,7.6,0.49,28
1653,贪污,1.8,1.166,7.6,1.744,63
2805,紧迫,4.3,0.6,7.6,0.8,24
3065,大乱,3.2,0.748,7.6,0.49,21
3595,超人,7.4,1.14,7.6,1.14,22
3695,万众瞩目,8.7,0.447,7.6,1.14,0
3904,惊艳,6.7,0.447,7.6,0.652,11
3905,惊艳,6.7,0.447,7.6,0.652,5
3919,荣获,7.5,0.5,7.6,0.894,75
3975,震撼,5.3,1.789,7.6,0.822,79
3978,伤透,2.6,0.418,7.6,1.517,7
3991,一气呵成,7.4,1.14,7.6,1.14,8
4016,高超,7.6,0.548,7.6,0.894,26
4030,手忙脚乱,2.1,0.894,7.6,1.342,14
4057,叫座,8.5,1.118,7.6,0.418,18
4253,炫爆 ,7.2,0.908,7.6,0.894,0
4316,叫好,7.4,1.194,7.6,0.418,39
4361,血淋淋,2.4,0.822,7.6,1.14,16
4363,吵杂,3.5,0.707,7.6,1.294,16
4376,灼热,3.7,1.44,7.6,1.14,7
4448,烦燥,3.2,0.4,7.6,1.2,0
4450,嘈杂,3.5,0.707,7.6,1.294,26
4451,嘈杂声,3.5,0.707,7.6,1.294,0
4452,吵杂声,3.5,0.707,7.6,1.294,4
4522,寻仇,2.9,0.742,7.6,0.548,0
4609,当头棒喝,5.9,1.342,7.6,1.517,11
4741,尖叫,4.1,1.342,7.6,1.387,18
4802,诸事顺心,6.7,0.577,7.6,1.155,0
5021,发脾气,3.1,1.342,7.6,1.14,50
5095,滚远点,3,0.707,7.6,1.14,0
5212,气死,2.4,1.084,7.6,0.962,24
5213,气死人,2.4,1.084,7.6,0.962,0
3134,暴发,3.9,1.114,7.7,0.4,0
3500,痴狂,5.7,1.249,7.7,0.51,0
3722,称霸,7.3,1.204,7.7,0.975,17
3910,出言不逊,3.1,0.962,7.7,0.975,0
3918,喜获,7.3,0.671,7.7,0.671,0
4123,大好,8.5,0.5,7.7,1.204,34
4150,重生,8.7,0.447,7.7,1.095,25
4215,起劲,7,0.707,7.7,0.837,26
4217,上榜 ,7.6,0.822,7.7,1.304,12
4494,气呼呼,2.8,0.57,7.7,0.975,8
4558,愤世嫉俗,2.1,0.742,7.7,0.447,0
5020,大哭,3.1,0.742,7.7,0.837,50
5299,轰动一时,5.9,1.245,7.7,1.204,8
115,淫妇,1.8,0.4,7.8,1.166,0
122,贱人,2,0.632,7.8,0.98,0
125,荡妇,1.8,0.748,7.8,0.98,0
132,仇恨,2.2,0.748,7.8,0.748,34
146,抗议,3.2,0.748,7.8,0.748,332
162,怨恨,2,0.632,7.8,0.4,26
221,七窍生烟,2.2,1.166,7.8,1.166,0
237,不顾一切,4.6,1.02,7.8,0.98,10
307,失控,2.4,1.02,7.8,0.748,37
349,吃惊,3.8,1.166,7.8,0.4,49
456,忘恩负义,1.8,1.166,7.8,0.98,5
505,受害,1.8,0.748,7.8,0.748,87
557,放肆,2.4,0.49,7.8,0.4,11
595,侵略,2.4,0.49,7.8,0.748,104
597,侵袭,2.6,0.49,7.8,0.4,41
615,叛乱,2.4,0.49,7.8,0.4,45
644,怒气,2.4,0.49,7.8,0.4,22
666,柔肠寸断,1.8,0.748,7.8,0.748,0
697,致命,2,0.632,7.8,0.748,48
726,哭喊,2.8,0.748,7.8,0.748,4
763,气急败坏,2.4,0.49,7.8,0.4,12
868,强烈,4.8,0.4,7.8,0.748,452
895,杀,1.6,1.2,7.8,1.166,423
898,泪流满面,2,0.894,7.8,0.748,0
948,羞辱,2,0.632,7.8,0.98,16
950,羞愤,2.2,0.4,7.8,0.4,0
972,造反,2.2,0.748,7.8,0.4,23
1036,悲愤,2.4,0.49,7.8,0.4,20
1048,恶狠狠,2.4,0.49,7.8,0.4,8
1069,残忍,2,0.632,7.8,0.748,39
1103,发狂,2.6,0.49,7.8,0.748,16
1188,极好,7.8,0.748,7.8,0.98,11
1294,疯,2.6,1.356,7.8,0.748,24
1370,暴力,2.2,0.4,7.8,0.4,207
1419,贱骨头,1.8,0.748,7.8,0.748,0
1454,激怒,2.6,0.49,7.8,0.4,7
1455,激动,4.8,0.4,7.8,0.748,127
1476,谋杀,1.6,0.49,7.8,0.748,25
1531,艰险,3,0.894,7.8,0.748,0
1600,欢天喜地,8.2,0.4,7.8,0.4,9
1620,惊呆,4.4,0.49,7.8,0.98,0
1623,惊恐,2.8,0.98,7.8,0.748,14
1624,惊悚,2.8,0.748,7.8,0.4,0
1634,惊骇,3.2,1.47,7.8,0.4,0
1635,惊吓,3,0.894,7.8,0.4,27
3095,撞死,1.7,0.6,7.8,0.748,8
3397,兴高采烈,8.3,0.4,7.8,0.4,30
3586,掌声如雷,8,0.935,7.8,1.304,0
3767,叹为观止,7.5,1,7.8,1.151,13
4126,大起大落,3.4,0.894,7.8,1.037,0
4185,一触即发,2.7,0.671,7.8,1.095,14
4188,毛燥,2.7,0.837,7.8,0.837,0
4189,毛躁,2.7,0.837,7.8,0.837,0
4251,封后 ,7.4,0.418,7.8,1.255,4
5220,猛砍,2.6,1.294,7.8,1.037,0
3087,火爆,3.1,0.663,7.9,0.917,13
3284,飞黄腾达,7.9,0.583,7.9,0.2,0
3564,得分,7.7,0.837,7.9,1.14,106
3598,开趴,6.9,1.14,7.9,1.14,0
3654,超凶,2.5,1.5,7.9,0.894,0
4103,水火不容,2.6,1.084,7.9,1.14,5
4143,风骚,3.9,1.245,7.9,1.245,22
4250,大吃一惊 ,4.8,0.447,7.9,1.14,34
4529,急忙,3.9,0.742,7.9,1.025,45
4530,急急忙忙,3.9,0.742,7.9,1.025,6
4685,浓烈,5.4,0.894,7.9,1.025,15
4971,大怒,2.9,1.342,7.9,1.245,22
116,混蛋,2,0.894,8,0.894,9
124,操,2,0.632,8,0.894,58
249,公愤,2.4,0.8,8,0.894,0
279,心碎,2.2,0.748,8,0.894,12
283,毛骨悚然,2.2,1.166,8,0.894,8
485,肝肠寸断,1.6,0.8,8,1.549,0
498,刺激,4.2,1.166,8,0.632,183
500,卑劣,2,0.632,8,0.632,0
504,受虐,1.8,0.4,8,0.632,11
514,咆啸,3.6,1.356,8,0.632,0
641,怒目,2.6,0.49,8,0.632,0
645,怒视,2.4,0.49,8,0.632,0
695,背叛,2,0.632,8,0.894,26
905,混帐,1.6,0.49,8,0.632,0
932,众怒,2,0.632,8,0.894,0
1012,报仇,2.8,1.166,8,0,22
1100,痛哭流涕,1.8,0.748,8,0.632,5
1104,发怒,2.4,0.49,8,0.894,11
1141,伤天害理,1.4,0.49,8,1.095,0
1372,暴躁,2.8,0.4,8,0.632,30
1583,触目惊心,2.6,0.8,8,0.632,8
1645,龌龊,2.2,0.98,8,0.632,0
1647,赞不绝口,8.2,0.4,8,0.632,12
3569,提心吊胆,2.9,0.962,8,0.935,13
3617,猝死,1,0,8,1.225,5
3638,痛心疾首,2.1,0.894,8,1.458,6
3759,超强,8,0.791,8,1,22
3869,激化,6,1.225,8,1.414,5
3902,变态,1.7,0.671,8,0.935,15
4003,心急,3,1,8,1.225,17
4028,大惊失色,2.7,1.204,8,0.791,5
4192,生龙活虎,7.4,0.962,8,0.707,6
4302,凶恶,2.4,0.894,8,1,0
4331,凶恶,2.4,0.894,8,1,9
4415,背叛者,2,0.632,8,0.894,0
4546,火冒三丈,2.5,1.118,8,1.225,16
4687,弄死,1.6,0.894,8,1.414,6
3149,救命,3.4,1.625,8.1,0.917,34
3297,惨痛,1.7,0.51,8.1,0.917,33
3298,惨败,1.7,0.51,8.1,0.917,10
3825,险胜,6.4,0.652,8.1,0.894,23
3994,天下无敌,8.8,0.447,8.1,0.224,0
4181,皆大欢喜,8.6,0.548,8.1,0.742,16
4369,技压群雄,8.4,0.652,8.1,0.894,0
4588,天打雷霹,2.1,1.14,8.1,1.342,0
4678,恼怒,1.6,0.894,8.1,1.245,7
123,贱货,1.8,0.748,8.2,0.748,0
245,仇杀,1.4,0.49,8.2,0.748,0
285,世仇,1.8,0.748,8.2,0.4,5
479,狂笑,8.2,0.4,8.2,0.4,5
501,卑鄙,1.8,0.748,8.2,0.748,4
616,咬牙切齿,2.2,0.748,8.2,0.4,12
894,欲绝,2,1.095,8.2,0.748,0
896,杀死,1.4,0.8,8.2,0.748,99
941,粗暴,2.2,0.4,8.2,0.4,24
1070,残酷,1.8,0.748,8.2,0.4,61
1323,酷刑,2,0.894,8.2,0.4,7
1336,剧烈,4.6,0.8,8.2,0.748,68
1427,震怒,2.4,0.49,8.2,0.748,12
3047,打死,1.8,0.748,8.2,0.748,61
3172,群情激愤,3,0.632,8.2,0.748,9
4182,皇天不负苦心人,8.5,0.5,8.2,0.447,0
4301,凶狠,2.2,1.095,8.2,0.908,7
4310,令人发指,1.9,1.245,8.2,0.908,0
4330,凶狠,2.2,1.095,8.2,0.908,10
4547,吵死,2.3,0.671,8.2,0.57,0
5057,溺死,2.3,0.975,8.2,0.837,0
5219,憎恨,1.8,0.837,8.2,0.758,20
3591,绞痛,3.1,1.14,8.3,0.975,4
4095,心惊胆跳,2.7,1.095,8.3,0.671,0
4096,心惊胆战,2.7,1.095,8.3,0.671,0
4097,心惊胆颤,2.7,1.095,8.3,0.671,0
4131,血流如注,1.8,0.908,8.3,0.975,0
4377,狂爆,3.6,1.636,8.3,1.095,0
4509,畜生,1.7,0.274,8.3,0.447,5
4719,狂爱,7.3,0.447,8.3,0.975,0
107,他妈的,1.4,0.49,8.4,0.8,19
866,强奸,1.4,0.8,8.4,0.8,15
916,猛烈,4.6,0.8,8.4,0.49,33
1000,喜极而泣,8.2,0.4,8.4,0.49,0
1034,悲恸,1.8,0.748,8.4,0.49,5
1098,痛不欲生,1.8,0.748,8.4,0.49,7
1371,暴怒,1.8,0.748,8.4,0.49,0
4581,心急如焚,3.4,0.894,8.4,0.548,0
4618,惨绝人寰,1,0,8.4,0.548,7
4713,滚蛋,1.6,0.894,8.4,0.894,0
5238,怒发冲冠,2.4,1.194,8.4,0.652,0
3961,惊为天人,8.3,0.447,8.5,0.5,0
4320,失火,2.2,0.837,8.5,0.866,14
5246,悲痛欲绝,1.5,0.5,8.5,0.707,0
106,王八蛋,1.4,0.49,8.6,0.49,0
478,狂怒,1.6,0.49,8.6,0.49,4
640,怒斥,2,0.632,8.6,0.49,0
871,强暴犯,1.4,0.8,8.6,0.8,0
928,盛怒,1.8,0.748,8.6,0.8,8
4080,气爆,2.3,1.204,8.6,0.894,0
4704,激愤,2.5,1.732,8.6,0.548,11
4714,人渣,1,0,8.6,0.894,0
4718,惊叫,3.2,1.037,8.6,0.894,18
4308,火大,2.2,0.758,8.7,0.671,4
4370,抓狂,2,1,8.7,0.447,8
83,干,1,0,8.8,0.4,199
480,狂喜,8.6,0.49,8.8,0.4,5
481,狂暴,1.8,0.748,8.8,0.4,0
482,狂热,4.6,1.356,8.8,0.4,39
483,狂躁,2.2,0.748,8.8,0.4,0
512,呼天抢地,1.8,0.748,8.8,0.4,5
643,怒吼,2,0.894,8.8,0.4,11
646,怒骂,1.8,0.748,8.8,0.4,0
1071,残暴,1.6,0.49,8.8,0.4,20
1223,罪大恶极,1.4,0.49,8.8,0.4,0
3848,惊天动地,6.3,0.975,8.8,0.447,14
4115,气炸,1.6,0.652,8.8,0.447,0
4697,伤痛欲绝,1.2,0.447,8.8,0.447,0
4056,大胜,9,0.447,8.9,0.224,13
4298,中奖,8.5,0.612,8.9,0.224,24